timestamp,respiratory_rate,blood_oxygen,blood_sugar,systolic_bp,diastolic_bp,heart_rate
9/15/2023 0:00,15.92422027,98.09056104,91.82607768,90.52978764,62.08735586,64.65348433
9/15/2023 0:15,14.48563951,98.89659742,94.28651827,97.85112429,61.46096338,69.11450852
9/15/2023 0:30,15.20801703,95.11308926,83.6815509,92.41027283,65.24770637,61.76543086
9/15/2023 0:45,12.10236989,95.63387611,86.11347761,90.78441166,62.49895741,64.8744586
9/15/2023 1:00,12.18867043,95.88033516,99.66950576,93.1367331,64.0671678,68.49978052
9/15/2023 1:15,12.87024003,97.64500731,87.65716679,93.7218886,61.020946,68.79263477
9/15/2023 1:30,14.30239752,98.17293859,81.01459602,98.13103709,68.69137757,62.01699721
9/15/2023 1:45,14.10082734,99.27372865,89.85236214,95.04971567,61.34713887,64.37615975
9/15/2023 2:00,15.19937247,98.19069236,82.18825098,93.13931761,60.25083493,69.89731551
9/15/2023 2:15,13.50105533,97.70030076,82.59370249,95.96909363,69.13086126,64.76486208
9/15/2023 2:30,14.74588414,99.68239099,83.44129003,92.72708959,69.49252343,63.96773853
9/15/2023 2:45,13.69638226,95.37086774,85.80016975,96.38816696,60.34359857,64.03478122
9/15/2023 3:00,12.64461286,97.38833718,99.29641119,96.39548649,67.10520504,68.331229
9/15/2023 3:15,13.49141264,96.6166398,81.63895259,94.96381825,62.01960805,65.60673895
9/15/2023 3:30,15.64594247,96.13986554,80.70455402,91.18048807,69.7893589,68.00079173
9/15/2023 3:45,14.38703474,96.14480296,84.31434962,98.09075438,68.84538627,62.27160027
9/15/2023 4:00,14.26661619,97.69444,82.49808448,93.19976428,62.7649091,65.6646277
9/15/2023 4:15,14.68479345,96.47789473,86.91281761,96.56440418,69.8506947,69.31684438
9/15/2023 4:30,13.71800247,99.61019298,87.28457492,94.42295157,63.73012926,67.38427421
9/15/2023 4:45,12.70333229,98.77950951,91.48687311,99.67655006,61.35584064,61.86394472
9/15/2023 5:00,14.07959518,97.31920411,93.39233377,91.66894001,61.93515805,62.61218585
9/15/2023 5:15,15.97218979,98.91470102,94.28154983,94.70034199,66.87488161,69.50409453
9/15/2023 5:30,15.22497521,97.43479217,87.41438562,97.67981837,64.14750994,67.37437549
9/15/2023 5:45,12.74432818,95.14121224,95.4616265,91.36273536,65.93032443,62.26057874
9/15/2023 6:00,19.57512046,97.87026973,90.61891462,94.7269315,68.36050844,67.47143209
9/15/2023 6:15,17.07035431,97.5777228,99.29818816,92.29265202,68.20043104,65.77263506
9/15/2023 6:30,16.81418905,99.74645506,83.22421144,95.03109545,69.65105957,64.78588918
9/15/2023 6:45,16.60608313,99.04957864,83.41585611,91.28590958,67.4565361,67.8675155
9/15/2023 7:00,18.61741257,97.94841483,90.50626906,98.17927154,66.50861131,64.23014252
9/15/2023 7:15,17.65878305,98.06932588,93.17395077,90.84831214,68.51744781,67.36837727
9/15/2023 7:30,17.67667449,95.00415282,93.23519541,93.94491793,67.21803234,62.14412436
9/15/2023 7:45,16.3367379,99.31697113,96.531629,90.32144748,63.783183,63.31081375
9/15/2023 8:00,17.14719997,96.11423243,81.82678162,100.9830487,72.46090228,79.4967799
9/15/2023 8:15,17.61637524,97.56661669,95.06549485,107.1192794,70.79157228,75.66283671
9/15/2023 8:30,17.29037535,95.93510435,86.15220355,103.9591574,74.55771494,75.62492416
9/15/2023 8:45,16.01131298,96.05801102,86.96354463,107.952623,73.50770155,77.28856351
9/15/2023 9:00,16.24336975,96.96521393,87.37524922,103.9782282,72.64706428,72.14664261
9/15/2023 9:15,17.07977341,97.43146188,94.00973498,106.7352733,71.33002287,79.29326077
9/15/2023 9:30,16.54270609,99.17257441,80.6652142,105.5752231,74.26162766,76.17332246
9/15/2023 9:45,17.64771599,97.9843575,81.82423633,101.200818,71.45823404,76.43059244
9/15/2023 10:00,17.53357123,95.80158148,90.67033687,104.4334316,70.59201076,71.41982222
9/15/2023 10:15,16.64553928,97.81507418,89.12631135,108.8054533,71.76313121,79.31179089
9/15/2023 10:30,16.34862805,95.32878689,96.82372467,106.3041162,74.86702803,79.11756252
9/15/2023 10:45,16.43758313,99.7434633,97.34990804,101.7138255,70.4995237,75.99345601
9/15/2023 11:00,17.26774082,98.38065718,86.03662691,108.8761988,74.73210324,79.98170651
9/15/2023 11:15,16.53363289,99.12326798,98.01802001,108.5935298,74.5363055,76.11542811
9/15/2023 11:30,16.38600956,99.59009112,83.67233093,101.782751,72.30066806,76.6468695
9/15/2023 11:45,17.96114711,96.00712344,81.81431483,104.7704982,73.02618814,79.74316506
9/15/2023 12:00,14.073097,97.08726958,103.0493863,116.808577,79.32312379,84.11407407
9/15/2023 12:15,15.94265914,98.35654447,110.5758928,111.8288395,79.35265434,86.04730051
9/15/2023 12:30,15.47788813,96.09416908,105.0262848,114.8224302,75.86718081,84.33625995
9/15/2023 12:45,15.85326655,99.02891978,102.9922627,116.1774695,75.96722399,88.46611161
9/15/2023 13:00,15.78359299,98.85033446,111.4962906,116.6638503,78.38051366,84.43845687
9/15/2023 13:15,15.00215999,97.08945216,83.11115785,110.0967806,75.80601333,87.45505705
9/15/2023 13:30,15.23214046,98.38899466,112.1652719,112.5444169,77.41595593,86.96237796
9/15/2023 13:45,14.67150308,99.58322252,105.1209127,110.6451434,78.31329434,83.78771435
9/15/2023 14:00,14.69232214,99.90479468,99.11403085,107.83142,71.89832238,78.5434073
9/15/2023 14:15,15.27078241,99.22992213,118.9921351,106.8270636,72.37703759,79.58903533
9/15/2023 14:30,17.24327051,99.82230792,89.56298692,104.5870584,73.60828231,73.5034458
9/15/2023 14:45,14.48845562,95.10082541,126.9875681,107.9086447,72.34718318,76.92492972
9/15/2023 15:00,15.01023519,97.20087303,103.2993056,103.9912602,72.34314634,79.3962201
9/15/2023 15:15,14.00861303,96.13131558,127.2655588,109.8651492,72.19409455,79.25053607
9/15/2023 15:30,16.68498087,98.78791076,80.33291315,104.1160239,73.42026716,77.81183928
9/15/2023 15:45,16.87698593,95.85003242,85.09532488,108.6376834,71.81854543,76.17038006
9/15/2023 16:00,15.15974769,96.1110722,126.9586792,106.5532276,70.11235263,75.08978132
9/15/2023 16:15,14.62799782,98.44375117,86.47387546,100.5776006,74.09838642,79.53403664
9/15/2023 16:30,14.80302393,97.99306908,94.08604177,109.2925093,74.15206657,71.02815268
9/15/2023 16:45,16.29398821,98.13683788,109.2991628,109.1047186,73.49987102,78.1851306
9/15/2023 17:00,15.12162721,96.07668437,120.3705777,103.6520758,74.94793812,74.58265879
9/15/2023 17:15,16.06066486,97.87906908,107.793295,107.4247888,71.08124551,73.61875443
9/15/2023 17:30,14.21607403,98.84017721,94.72859492,109.0755131,73.87679876,78.09105276
9/15/2023 17:45,14.98394362,95.42822525,124.5928659,108.1526371,73.18098238,72.72760028
9/15/2023 18:00,16.2171034,98.70690732,129.6697581,100.0492343,74.07326626,76.56271148
9/15/2023 18:15,14.31853064,97.71962124,96.81388071,102.7787537,72.73559499,77.34778571
9/15/2023 18:30,15.8992024,98.42143192,104.1006849,104.7820292,72.09257842,74.88162466
9/15/2023 18:45,17.2516034,96.55339242,93.6756445,102.4777674,72.07310738,71.25070782
9/15/2023 19:00,17.69034617,97.32194336,108.2205625,101.5049997,72.75650705,78.32859984
9/15/2023 19:15,14.50236518,98.05292725,101.7203882,103.2861996,72.13614909,72.33919089
9/15/2023 19:30,16.1738497,96.31280606,125.8979719,104.8564158,71.46904415,77.22089582
9/15/2023 19:45,15.22434078,95.83668695,91.9325507,108.795339,74.5741818,78.68589617
9/15/2023 20:00,15.41206346,99.09284983,83.65120263,99.01456106,62.37409653,62.33020398
9/15/2023 20:15,14.25730945,98.14973962,98.90116381,98.50476684,62.10030582,67.3339374
9/15/2023 20:30,14.87768463,97.89639748,80.01925537,97.4006464,63.75915912,64.64208167
9/15/2023 20:45,12.15047031,99.86986451,87.13371545,97.60275658,65.76879588,61.90596042
9/15/2023 21:00,15.31131048,96.72335871,89.88046681,90.16925275,65.07880583,66.01198951
9/15/2023 21:15,13.37340736,98.72053807,96.70577418,97.06895094,64.3480345,63.30266331
9/15/2023 21:30,14.62458762,98.82884965,81.84110654,95.19490601,69.77948167,69.93455158
9/15/2023 21:45,13.30788487,96.65054856,88.15534455,98.34184658,68.1179621,62.46932215
9/15/2023 22:00,13.89861917,98.37339413,87.46290789,94.60833913,61.90770697,68.07802465
9/15/2023 22:15,12.58294658,99.26400872,88.57916054,96.5197407,65.77445581,66.3027699
9/15/2023 22:30,14.3298742,96.92820979,99.0274886,99.54866097,62.38701689,64.04573856
9/15/2023 22:45,14.8904704,97.22904484,84.62088096,96.97471205,65.97922599,66.16480128
9/15/2023 23:00,13.61690229,95.69898557,86.92250299,93.5783862,65.1392674,68.00818525
9/15/2023 23:15,15.96147462,98.54030118,93.39357627,90.32557766,65.96733838,62.87084008
9/15/2023 23:30,14.73546583,96.88711072,98.21550492,90.4047401,64.37865702,63.84753382
9/15/2023 23:45,12.55182804,95.88891645,97.67404956,98.28418729,60.51609386,61.10436036
9/16/2023 0:00,12.82419084,98.33001795,83.89932645,96.92745022,62.15506432,63.34015746
9/16/2023 0:15,15.01314271,97.04659765,98.33210766,93.19237469,60.21775994,69.83585419
9/16/2023 0:30,14.74580637,99.86046555,86.45835333,90.45501365,66.47442562,68.12494245
9/16/2023 0:45,12.69853994,98.17533858,98.79164051,90.841637,66.49799501,62.41698325
9/16/2023 1:00,15.06704286,97.24694286,81.13425969,90.26227324,60.05516608,67.24488165
9/16/2023 1:15,14.30509537,95.61055715,84.37659902,98.5719909,68.79086483,66.79479565
9/16/2023 1:30,14.80822403,99.07025507,84.88122668,91.60880494,61.11642458,63.39859515
9/16/2023 1:45,12.51357735,97.53291563,84.86345322,99.47018424,62.57682448,68.39136444
9/16/2023 2:00,12.45428425,97.93673992,85.81835563,96.67439553,63.2564404,68.98452616
9/16/2023 2:15,15.38333924,96.61423083,94.31593361,98.31728508,61.77511593,62.23156472
9/16/2023 2:30,12.4593528,99.82665921,93.21935981,97.90811033,68.32679454,62.89517758
9/16/2023 2:45,15.23918424,96.73037186,80.14403662,93.36941721,66.26234509,67.10833492
9/16/2023 3:00,12.73825269,98.36900613,95.32298081,95.20138157,60.86028401,68.17785442
9/16/2023 3:15,12.47814521,96.67692375,83.2690812,99.61894199,61.13137997,63.39758565
9/16/2023 3:30,15.71927161,99.55531909,95.53107171,93.48434567,64.92995775,62.12458466
9/16/2023 3:45,12.71663297,96.45202274,89.77425252,94.34863771,60.83768557,61.19143055
9/16/2023 4:00,15.71895115,99.32226966,93.92631156,93.94453168,69.91067336,62.86450406
9/16/2023 4:15,12.45570305,95.97103901,94.1391241,91.40173521,63.70269015,68.15417017
9/16/2023 4:30,15.02793921,96.08222468,85.99865141,93.68998491,62.30500467,62.16258064
9/16/2023 4:45,15.34965869,99.21950124,81.51922275,99.38136412,69.19127274,68.08712372
9/16/2023 5:00,15.60705558,99.56605802,89.66733034,92.38803721,68.78893796,66.20387114
9/16/2023 5:15,14.69276105,97.48134271,83.69717587,90.74992187,64.17885772,61.18705491
9/16/2023 5:30,12.68474749,99.97791835,89.45616736,98.68144581,63.10061207,65.35209292
9/16/2023 5:45,14.76689749,97.77739763,82.17283082,98.00493795,67.94992598,66.26700364
9/16/2023 6:00,17.50329113,98.05851471,90.61762593,97.81863462,65.71614402,63.11358184
9/16/2023 6:15,19.27333509,99.388919,91.64515644,92.77708783,64.03877558,67.71634377
9/16/2023 6:30,17.41512146,95.85153124,98.76615174,92.85091365,69.6532246,62.00396937
9/16/2023 6:45,19.52656317,99.76429781,92.5406306,90.26458292,62.15090796,64.98536195
9/16/2023 7:00,16.31730831,96.61892426,81.09688034,97.65477296,65.61333191,63.78845408
9/16/2023 7:15,16.7493009,99.03615873,84.33813871,94.47053094,64.12481509,67.23373637
9/16/2023 7:30,18.1066931,95.81662367,92.55404555,98.04091479,68.7268431,64.997544
9/16/2023 7:45,19.9777774,98.67954027,99.29765716,92.05831943,62.22064406,64.87489734
9/16/2023 8:00,17.27954901,96.35077606,98.16429801,109.2852293,72.12261812,71.83535989
9/16/2023 8:15,16.30595159,96.22102932,82.43425566,107.0948635,70.66021428,71.31508504
9/16/2023 8:30,17.39138968,98.52104214,95.27395011,109.5752578,74.69530583,75.62855481
9/16/2023 8:45,17.94061449,99.21982502,85.57784207,100.8301507,73.13652859,74.35829674
9/16/2023 9:00,16.70803187,99.14867549,105.4752674,103.9124072,74.54450088,71.96041251
9/16/2023 9:15,17.41446968,99.65646389,96.01535104,102.4200758,74.51442778,78.38928267
9/16/2023 9:30,16.00634826,96.29673865,105.762366,100.8814999,71.76197468,76.26736495
9/16/2023 9:45,16.92645135,98.32308407,98.66833749,102.6816948,73.79152612,78.29897938
9/16/2023 10:00,17.16426628,95.66852751,81.92725854,106.1417217,73.51624035,74.41227816
9/16/2023 10:15,16.17027626,98.9703017,92.44040809,106.2940318,72.58254999,74.7674539
9/16/2023 10:30,16.67016958,98.5548113,100.1027991,105.3069374,70.53428985,73.73290805
9/16/2023 10:45,16.15236474,95.74957056,99.13618894,106.5075864,72.27109741,76.91968738
9/16/2023 11:00,17.4215598,96.27775702,108.5636219,107.259159,70.03914989,73.76092263
9/16/2023 11:15,16.22839788,99.85712699,100.5542176,107.1568115,70.09363551,79.84510669
9/16/2023 11:30,16.19971802,97.96396166,97.72018524,102.9696923,70.70758908,78.66614736
9/16/2023 11:45,17.40307508,97.1179364,90.49704695,102.3322927,71.73514773,71.82851231
9/16/2023 12:00,15.61227429,99.70914115,103.5053612,115.4729882,75.34748339,89.02246685
9/16/2023 12:15,14.53484589,97.33616339,87.50620159,119.3984736,75.28190906,81.66209073
9/16/2023 12:30,15.60436905,97.23574389,117.3624829,115.6491951,76.87545725,87.35005519
9/16/2023 12:45,15.25899752,98.15443188,93.56258917,118.8598062,79.62997873,88.2533477
9/16/2023 13:00,15.56958658,99.86634519,97.81015752,116.9167262,77.42987212,86.00371247
9/16/2023 13:15,14.97736804,97.95508972,105.240326,119.0865596,79.48713539,81.69181123
9/16/2023 13:30,14.94208015,95.36912184,102.3401206,113.9548072,79.81440079,84.3858258
9/16/2023 13:45,15.49045606,98.64762595,95.59444777,115.1999982,77.61373086,87.08176938
9/16/2023 14:00,17.46891,98.27353583,83.84686455,109.068829,72.98879246,77.71550359
9/16/2023 14:15,15.03425827,99.90834453,109.0807501,101.2530281,74.49016822,71.12055652
9/16/2023 14:30,15.57990757,95.21397878,110.7364998,103.1950187,73.00768738,78.95658039
9/16/2023 14:45,17.31839899,96.30340893,99.99055228,106.9563089,74.80876989,71.15313887
9/16/2023 15:00,15.6587847,99.5397109,115.7534759,108.1311888,74.48086047,71.89388095
9/16/2023 15:15,14.83187796,97.37579464,106.9161266,103.588589,74.13400318,78.71243201
9/16/2023 15:30,14.60616103,96.49488809,109.9925588,104.7991447,74.78999778,72.27829903
9/16/2023 15:45,15.97731817,98.07642403,101.6480495,109.4178264,70.35367721,79.64788007
9/16/2023 16:00,14.80337926,97.32679755,98.88497241,105.6231678,72.98128581,77.83135289
9/16/2023 16:15,15.40345029,99.52815542,118.0892521,109.4942549,72.72418259,74.13587069
9/16/2023 16:30,15.43307503,98.77959909,105.2922136,107.146955,71.28464502,75.62446809
9/16/2023 16:45,15.24885967,96.12151066,120.1156039,105.0574424,74.53774608,72.36035581
9/16/2023 17:00,16.52422717,95.57665802,104.8242964,101.2995688,73.86572632,79.55730285
9/16/2023 17:15,15.12076474,99.21221001,92.44888383,105.4904621,70.61543381,71.48944139
9/16/2023 17:30,16.46321397,95.25424786,102.1935563,106.54338,72.14244439,74.35069728
9/16/2023 17:45,16.94099407,99.41511697,80.85690158,100.2743666,73.70990332,72.87498366
9/16/2023 18:00,17.4482618,96.5088918,93.64646974,103.8059402,71.7972619,74.72617444
9/16/2023 18:15,16.46305028,97.61305028,99.00339076,100.0903997,74.51967687,73.38823898
9/16/2023 18:30,16.62544208,95.84587278,95.80735693,107.8634423,71.29152748,75.89473808
9/16/2023 18:45,17.39882929,98.73357654,97.89249918,106.8932947,70.78592939,76.38955875
9/16/2023 19:00,14.14612982,96.16458845,123.0703282,106.2785086,73.7276337,77.56624758
9/16/2023 19:15,15.12896193,97.81439855,102.4087206,105.1642783,73.8359522,75.24391774
9/16/2023 19:30,17.96341642,99.60963302,121.9152203,103.6663891,73.64494339,79.98414357
9/16/2023 19:45,16.82694622,97.12365331,118.171762,109.4889837,73.81173437,73.37844243
9/16/2023 20:00,14.22772201,99.06873535,85.61048446,98.47980277,69.5139876,62.30522308
9/16/2023 20:15,12.14357636,98.40610213,81.73866094,94.14993789,67.71595158,68.3629834
9/16/2023 20:30,14.75023948,95.82308029,93.93139719,93.9830484,62.84030517,65.34938081
9/16/2023 20:45,15.98098463,99.71750095,96.50083967,95.14987964,62.5935851,63.30151672
9/16/2023 21:00,13.28515141,99.20687429,82.37711277,91.17401313,68.9722255,66.09825337
9/16/2023 21:15,15.83120871,99.52449871,93.84820153,92.47295722,63.47514125,65.02743646
9/16/2023 21:30,12.39284232,96.48221184,90.84309947,94.13437436,62.14874122,65.47575151
9/16/2023 21:45,15.76944296,97.24216387,90.23615821,98.73391916,60.93769972,68.04782324
9/16/2023 22:00,14.12209976,98.23346329,80.68455005,91.15300546,65.78760273,63.04755117
9/16/2023 22:15,13.54651772,97.98811301,82.44511259,92.36088067,69.01784092,64.71587115
9/16/2023 22:30,12.00153456,96.46199861,92.63375173,95.15345247,66.76323856,66.26138735
9/16/2023 22:45,14.53346057,95.80688718,90.44624298,91.78893832,62.54910488,68.73225028
9/16/2023 23:00,12.90496808,97.74509504,94.4387434,93.57432682,65.65131091,66.72935449
9/16/2023 23:15,12.69521565,95.65190205,85.64091302,95.22177764,64.3013224,65.88122572
9/16/2023 23:30,15.70779053,95.46925005,87.84876528,92.17875065,68.38502237,63.07492099
9/16/2023 23:45,14.81406995,97.72748073,98.57526481,90.00638733,67.32531881,61.21311317
9/17/2023 0:00,15.25837281,97.44678992,86.76697528,98.78320249,61.92178584,68.89979955
9/17/2023 0:15,12.54569172,97.32025789,87.27679655,90.58107779,61.94281805,62.269396
9/17/2023 0:30,13.64742622,98.7616985,83.8595898,98.10206253,62.34062701,68.65840705
9/17/2023 0:45,14.62393125,99.28990158,89.33775,92.68674132,65.58819314,66.11066021
9/17/2023 1:00,13.36092043,96.03057083,90.13009088,97.58649791,62.41841757,63.33926611
9/17/2023 1:15,14.43819784,99.97101142,96.66392131,96.68525492,65.2365048,63.12725916
9/17/2023 1:30,14.58837821,96.54437511,84.8929512,97.21571538,65.81023439,63.39941168
9/17/2023 1:45,15.41298384,99.1993929,85.08035281,97.73670011,60.1029592,66.15895563
9/17/2023 2:00,14.6867243,99.13888763,83.15705477,97.15251166,63.72051697,69.33747377
9/17/2023 2:15,13.50067334,97.81869939,94.65520036,94.86146035,68.17028378,61.67467355
9/17/2023 2:30,12.34797693,99.7904601,82.79420538,98.83162108,69.50820359,63.91902931
9/17/2023 2:45,13.97888768,95.33144911,86.25916035,96.58457469,69.36850137,62.73552429
9/17/2023 3:00,14.29747698,95.25878319,83.94696831,96.4719976,67.7395742,65.24043763
9/17/2023 3:15,15.51487943,96.60246296,87.7539189,91.96227587,69.2273128,66.23728329
9/17/2023 3:30,13.16951496,96.18740178,82.70177891,96.92746584,62.32679725,65.18987273
9/17/2023 3:45,14.25541898,96.92745849,99.71383462,94.51872227,67.45423582,64.07025924
9/17/2023 4:00,14.27371755,97.24922179,85.59151633,91.70872089,69.57986312,67.5798916
9/17/2023 4:15,15.67975679,98.15827591,88.90460496,92.37355338,63.61225541,69.92958493
9/17/2023 4:30,14.05350624,98.04984418,92.84283856,94.38673042,64.33568014,66.26859057
9/17/2023 4:45,15.75099374,98.45838361,94.11007296,99.56516088,65.09701101,62.22636555
9/17/2023 5:00,13.31936114,99.42732563,88.39670379,92.59015646,63.37167275,64.80504196
9/17/2023 5:15,14.71089971,96.71848499,92.332071,96.73268954,62.18329365,65.52438132
9/17/2023 5:30,13.40077164,97.16681331,96.04224062,94.56856918,62.83071769,69.93856544
9/17/2023 5:45,14.77727064,99.83109655,94.01925328,97.43518062,69.80379899,62.72097725
9/17/2023 6:00,17.88810681,98.12164689,86.38427052,93.00869617,67.21319633,66.73359255
9/17/2023 6:15,19.6216983,96.54248765,99.62212267,97.08226059,62.84220929,65.96224095
9/17/2023 6:30,19.90104275,95.52589174,88.72497933,98.6215968,65.02294651,61.4323161
9/17/2023 6:45,17.30129952,99.3129183,98.97550943,96.05033069,60.99110269,64.96499279
9/17/2023 7:00,17.5064625,97.89540956,84.26863284,90.20003148,64.87033076,68.8523183
9/17/2023 7:15,16.28291548,99.37188283,95.21195172,92.77571373,68.09909068,64.43847016
9/17/2023 7:30,18.90025148,95.33677503,94.30210092,96.86498817,68.35782054,69.67661219
9/17/2023 7:45,19.82586096,99.63014459,94.01656752,94.19651252,64.73502136,63.84803532
9/17/2023 8:00,17.13826516,98.95980331,106.0982055,100.7899774,72.54862871,79.00301287
9/17/2023 8:15,17.16376552,97.77180837,105.8291742,106.7776194,70.57389186,78.39558435
9/17/2023 8:30,16.54779969,97.68901788,81.38449615,107.2369246,70.67094028,74.41784158
9/17/2023 8:45,16.75455249,96.66024961,82.57406426,100.6425801,71.17515884,72.03342285
9/17/2023 9:00,17.77924025,98.49863939,81.14276893,109.1727375,71.27570448,71.40662857
9/17/2023 9:15,16.2165157,96.34479615,85.65427939,100.2892089,73.6313445,77.64321472
9/17/2023 9:30,17.53737435,98.51241377,98.80070336,100.291873,72.2956821,73.19420145
9/17/2023 9:45,17.42614347,98.92235271,98.55987975,104.2654681,72.51963015,79.80215966
9/17/2023 10:00,17.64659992,98.76761388,103.6719408,100.1530707,74.66473833,75.12026732
9/17/2023 10:15,17.63887722,98.66703615,104.9040898,104.5074217,74.49661122,74.63974948
9/17/2023 10:30,17.27469131,99.94766762,96.62853906,107.1407516,74.24203024,71.40328236
9/17/2023 10:45,17.09296938,95.29417555,84.5553095,108.9733326,74.71176832,74.26065847
9/17/2023 11:00,17.40992494,96.47321976,95.08044838,102.2000033,73.00134363,75.47591818
9/17/2023 11:15,16.51762424,95.78900326,95.91794831,108.1831882,70.0966945,78.70335349
9/17/2023 11:30,16.06848083,97.02033481,87.59461954,105.6095632,70.20139491,77.08320928
9/17/2023 11:45,16.85917479,97.0355212,108.233754,105.045556,70.56475973,78.00259041
9/17/2023 12:00,15.27547963,98.18252162,96.24929927,113.846667,75.98388484,86.25455924
9/17/2023 12:15,15.02384687,97.58505545,98.19594641,113.1888886,76.95070531,89.29914767
9/17/2023 12:30,14.0064131,95.70149725,110.5634431,117.8850734,75.82934885,81.30790836
9/17/2023 12:45,15.35563942,95.97176921,81.83847443,110.9967146,76.50026227,86.45468405
9/17/2023 13:00,14.12359341,95.78495956,89.12292112,116.3391547,79.36491799,85.5204443
9/17/2023 13:15,14.24626053,95.09203258,111.5711616,116.4809929,75.29963874,89.97264516
9/17/2023 13:30,15.99516993,98.75056801,105.0634811,116.7911845,78.76108771,87.80833402
9/17/2023 13:45,14.1279014,98.7440128,82.29725825,112.2389571,76.14249558,82.49734755
9/17/2023 14:00,16.92887117,99.31592248,114.1034665,104.4341867,70.4106692,73.52477279
9/17/2023 14:15,14.63025418,96.04747546,125.800622,109.2301365,74.41751207,74.10813538
9/17/2023 14:30,15.74639367,97.33724069,117.7642142,106.295401,73.10830895,78.02092548
9/17/2023 14:45,17.38817295,95.30819,88.19699234,100.3974344,71.22148245,74.54558324
9/17/2023 15:00,15.52321557,96.52233265,105.5500135,102.586493,73.73077605,73.91860704
9/17/2023 15:15,17.08284764,95.25268052,108.381626,109.4900553,72.59253196,76.80343099
9/17/2023 15:30,16.21773435,99.01563345,124.1242909,104.5272158,72.69947935,78.10756762
9/17/2023 15:45,17.71784781,99.92837384,83.74885022,109.0376883,73.35132552,79.36483107
9/17/2023 16:00,17.78426967,95.4987169,100.889735,106.1297368,70.34755384,77.03273108
9/17/2023 16:15,16.60207236,98.13021,85.47224157,104.7090761,73.25207882,71.07796015
9/17/2023 16:30,14.89841266,98.10668384,121.3084805,101.4092986,72.06639965,72.54452434
9/17/2023 16:45,16.86916052,95.15660278,112.6442012,109.9182582,71.11743275,75.13404871
9/17/2023 17:00,15.76176546,99.39716913,121.8061747,105.7526608,71.44750889,79.07459709
9/17/2023 17:15,17.86525187,98.85491682,129.8100067,107.220347,70.46219451,75.68613527
9/17/2023 17:30,16.33055308,99.98658506,81.8273622,108.6452717,73.34794197,74.34707942
9/17/2023 17:45,17.66563987,99.77069222,96.6906573,102.3258789,70.12512695,74.82124061
9/17/2023 18:00,16.91494656,98.39372677,81.89871805,100.0377536,74.3732491,72.38740137
9/17/2023 18:15,14.62520971,97.27632632,95.86169409,106.2223269,74.67570515,73.40761886
9/17/2023 18:30,15.24902047,96.71112558,86.71466006,104.7469548,73.18688125,74.1372894
9/17/2023 18:45,16.23277347,96.40754735,128.4842905,107.7903837,70.65913506,76.92421983
9/17/2023 19:00,14.15111441,99.90400431,116.6017692,108.3653172,70.96064938,72.0004149
9/17/2023 19:15,17.57276912,98.80874687,129.9969832,104.3053578,70.56855436,74.72909635
9/17/2023 19:30,17.72633567,98.96346291,109.6648386,106.7595568,73.3769593,71.12210139
9/17/2023 19:45,14.70421727,95.06647758,92.19981405,109.822189,70.76603196,75.03898273
9/17/2023 20:00,15.70333834,99.75063673,90.33662019,90.04493864,69.75165879,65.70982026
9/17/2023 20:15,13.8398521,95.46377962,81.68906397,92.84159013,60.72896051,67.77782994
9/17/2023 20:30,12.0805425,99.39708084,95.41203579,94.1522666,62.19657152,66.06822967
9/17/2023 20:45,14.18190333,97.2471489,93.82250166,97.19552823,60.30499708,69.71351427
9/17/2023 21:00,15.32428104,99.78011579,91.37896402,96.16164602,61.91487363,62.10125275
9/17/2023 21:15,15.75341112,97.75590346,82.83503154,93.43792527,62.89083513,68.75302012
9/17/2023 21:30,12.40262138,99.99090108,81.65498863,95.84221705,67.37264761,68.13867751
9/17/2023 21:45,15.99495492,96.01941328,92.67986271,98.75117824,68.79505378,69.69976125
9/17/2023 22:00,14.46912392,97.45572636,91.49808051,99.92378022,67.96149721,66.834956
9/17/2023 22:15,15.64929416,97.32494444,90.92233591,99.36844191,61.81672119,64.84086138
9/17/2023 22:30,15.40624001,98.32104225,82.08338878,98.13619423,68.3161182,64.46020366
9/17/2023 22:45,15.60135048,95.79491623,83.22848579,92.42046209,60.03929005,61.45900634
9/17/2023 23:00,12.59069642,99.22284281,89.73228977,97.86431634,64.15824735,67.18720106
9/17/2023 23:15,13.31414431,98.32618175,87.84952618,96.41185194,66.33163835,61.91188086
9/17/2023 23:30,13.95071784,96.84577049,80.73239098,91.62266841,65.58089726,66.6500704
9/17/2023 23:45,12.24019356,97.67867685,99.94449519,94.21834082,60.08235708,64.45656573
9/18/2023 0:00,15.90849751,95.7482071,80.80248339,97.47647398,65.53148379,66.74651542
9/18/2023 0:15,13.33600974,97.53697304,80.75559202,94.14043007,60.4631259,69.92580775
9/18/2023 0:30,15.20278749,97.72524715,96.4672905,95.16218241,65.05914653,64.59891596
9/18/2023 0:45,15.18419425,98.11471363,99.32694224,90.70733398,66.25284515,65.29731864
9/18/2023 1:00,15.60320402,99.9507918,90.31535454,99.93592386,61.72312351,65.65644582
9/18/2023 1:15,15.27497883,95.81099153,93.25203424,93.79162604,62.75812294,65.25257789
9/18/2023 1:30,13.47709046,95.29436539,90.72555827,91.13706933,65.28577475,68.80660512
9/18/2023 1:45,12.58277041,98.51518305,83.10784601,94.62209378,69.63302308,68.6051413
9/18/2023 2:00,14.14474929,95.02312311,97.50344396,95.85647204,65.50611659,63.68140164
9/18/2023 2:15,13.52422333,96.07140795,91.50511734,93.68685615,64.64061707,69.76416416
9/18/2023 2:30,12.09317552,99.65288604,94.91921336,97.56290949,65.90444325,62.74407726
9/18/2023 2:45,14.41960218,97.74635183,91.38423105,95.99030032,68.17479651,67.48142238
9/18/2023 3:00,15.61611102,97.65438386,96.5019228,96.15974287,62.86952754,64.88753949
9/18/2023 3:15,13.54619571,98.45234558,92.19128947,99.83754755,63.62060294,62.77157217
9/18/2023 3:30,12.37769798,98.54098632,91.46263667,91.92257038,65.86893374,66.69933619
9/18/2023 3:45,15.19821734,98.12108189,81.90949194,99.18557099,66.26255765,65.81569233
9/18/2023 4:00,12.21943962,97.72421966,86.01654268,98.98466741,64.83465574,63.91136928
9/18/2023 4:15,14.88684761,97.24290646,85.04167465,97.19733445,66.059604,63.88614718
9/18/2023 4:30,12.6286834,98.02782089,99.72678308,99.21493292,62.47027899,62.56507248
9/18/2023 4:45,12.15001962,95.15880413,81.36908914,97.04469216,63.97426934,64.42004512
9/18/2023 5:00,13.25535069,97.92498152,85.93246112,93.02338748,60.87947748,69.57763899
9/18/2023 5:15,13.81808875,98.21934534,97.55884727,97.97701818,64.3142841,63.00528115
9/18/2023 5:30,15.30858073,99.42802658,96.34833807,99.9293648,65.11468923,63.4697394
9/18/2023 5:45,14.08884321,98.71829375,96.0923807,97.70477277,66.76167116,63.57861364
9/18/2023 6:00,18.87804966,96.12994018,80.2497575,94.47613814,67.56740279,63.20443349
9/18/2023 6:15,16.89482304,98.05727395,82.26038729,97.75114595,63.15519598,64.74333369
9/18/2023 6:30,17.38953719,97.00102812,85.45582339,97.0153361,69.24240736,67.21532786
9/18/2023 6:45,16.17089608,96.8804767,88.36202782,99.25940702,64.44830981,64.97990453
9/18/2023 7:00,19.16063769,99.38727428,95.63416074,99.19411934,61.35459484,65.47612557
9/18/2023 7:15,18.63827244,95.56200761,80.33076404,97.71736726,67.06871223,63.48168323
9/18/2023 7:30,19.86547551,99.7272168,81.99486007,94.67977327,65.25946917,62.5764814
9/18/2023 7:45,16.02558436,98.80783321,90.62391237,97.16349196,62.92361555,61.55922083
9/18/2023 8:00,16.15614207,95.82958697,107.1245896,104.9268311,71.96173302,79.33950209
9/18/2023 8:15,17.84520282,99.66427714,93.12649673,108.4989875,71.50499745,76.97693845
9/18/2023 8:30,16.46297579,96.52320071,91.50438573,102.5498177,70.46647424,76.41019772
9/18/2023 8:45,17.14477732,96.42460249,85.2361817,104.5799583,74.93028316,78.86285852
9/18/2023 9:00,16.01129073,95.5177993,99.13942307,103.8085212,72.78350181,75.76565555
9/18/2023 9:15,17.72411744,96.89060001,85.55775149,101.9719951,72.29593033,75.19730439
9/18/2023 9:30,17.21179861,97.75774726,89.37483057,109.89156,74.09952846,75.9184311
9/18/2023 9:45,16.63513076,96.01685989,95.3205642,104.3185636,72.15627482,79.60517893
9/18/2023 10:00,16.36385872,99.82247905,82.87819128,103.1406676,71.68018605,71.45026728
9/18/2023 10:15,16.05017275,95.81195653,109.6286767,102.247706,73.9276494,78.73158145
9/18/2023 10:30,16.41527317,98.65724488,99.10756683,108.4725682,71.03107182,76.04462746
9/18/2023 10:45,17.85493603,96.20217201,82.96071856,103.0644128,70.61668463,71.51357316
9/18/2023 11:00,17.04059782,97.33336495,86.38455621,100.4507897,73.8402187,79.12625419
9/18/2023 11:15,17.26650566,98.80551426,96.02910906,104.3770555,72.59233221,74.05242677
9/18/2023 11:30,17.49552771,97.84956807,92.09949118,102.1182969,70.72283748,75.73197116
9/18/2023 11:45,17.24582206,98.41934435,92.10849532,103.1188069,74.61337456,77.57525883
9/18/2023 12:00,14.35411047,97.22112381,112.0028132,110.9010863,78.67877141,83.63940428
9/18/2023 12:15,14.34030446,99.86636272,114.8726557,110.2144685,77.80124181,81.94093995
9/18/2023 12:30,14.06031952,98.98308647,99.08798129,119.9690251,79.7391446,82.60449976
9/18/2023 12:45,15.08286683,99.80115076,96.68963829,119.6061786,75.09883305,85.92528201
9/18/2023 13:00,14.88276945,98.95453171,85.51740697,118.7410331,76.36557097,86.46850592
9/18/2023 13:15,15.04792732,98.98707328,117.5481237,118.6525004,79.7613191,87.10861815
9/18/2023 13:30,15.45538363,95.83187102,100.5197453,112.3880774,75.57459255,89.79271489
9/18/2023 13:45,15.5713355,95.81594458,111.2386892,114.8349458,77.31332909,84.13463475
9/18/2023 14:00,14.85413401,99.39076269,128.6312529,107.7907075,73.67685421,77.76872063
9/18/2023 14:15,17.5522949,98.44701086,127.2053207,107.5647547,74.03822201,71.89252292
9/18/2023 14:30,16.78093673,95.99580073,110.6455395,104.5306607,70.51027474,75.18007778
9/18/2023 14:45,17.28576931,99.87287087,120.9504556,106.205174,73.82010436,79.40009727
9/18/2023 15:00,14.17479932,98.63788729,96.6580926,101.6052608,72.68963598,74.23244592
9/18/2023 15:15,16.99383725,99.74482299,97.97550576,100.442646,70.95355027,74.23477082
9/18/2023 15:30,16.57046966,99.14098996,88.39062072,103.8455259,73.4194693,78.94316728
9/18/2023 15:45,16.55587794,96.46271651,108.7393119,102.3981502,72.42027691,74.17577187
9/18/2023 16:00,15.51995171,99.95020522,111.9804619,108.4652636,71.59697744,72.89929574
9/18/2023 16:15,14.65982775,98.33708137,94.89488295,103.0082309,73.1038888,76.38735743
9/18/2023 16:30,14.73040103,95.89460407,111.1129543,105.0983196,73.99345013,75.56263725
9/18/2023 16:45,17.91592902,95.59607177,95.75983979,101.189407,70.31751923,74.73738737
9/18/2023 17:00,17.10465209,95.37877085,107.7248269,108.9727252,71.93637839,79.56165192
9/18/2023 17:15,14.53882361,97.08809833,112.8881584,100.2206196,74.26402317,79.15158194
9/18/2023 17:30,15.89399955,98.0395238,119.961318,108.5889221,71.75502716,79.04219867
9/18/2023 17:45,14.98164272,96.27868896,104.3384667,102.2245831,70.58316794,71.22427287
9/18/2023 18:00,16.10326897,95.04002119,82.04476712,102.3381023,74.16796552,72.07410935
9/18/2023 18:15,16.13288081,95.27009798,120.7662733,104.5819358,70.54472183,74.68080099
9/18/2023 18:30,17.51550969,96.40449057,98.5856391,109.5675466,73.29600178,75.02614711
9/18/2023 18:45,14.07888883,99.43951354,127.78628,106.0071312,70.69498207,79.32355703
9/18/2023 19:00,15.10964209,99.51503522,83.19774117,101.0637469,73.98173908,72.55328529
9/18/2023 19:15,16.44501635,98.12198863,86.00691108,100.9063689,70.55333672,79.4060721
9/18/2023 19:30,17.01299999,98.25789546,101.370973,109.5162856,71.56445331,74.72857898
9/18/2023 19:45,17.64380876,96.02636309,128.8552522,102.5802364,74.03005177,78.60440336
9/18/2023 20:00,13.09386153,99.22954685,86.05219891,94.40044313,61.16883288,67.69134173
9/18/2023 20:15,14.49044088,96.7143909,99.4033503,96.46476359,69.02883825,62.09431688
9/18/2023 20:30,12.59055056,98.00766719,87.45177929,90.58417456,67.60902823,69.92160933
9/18/2023 20:45,13.73948352,98.15035687,90.27998497,96.22019413,64.89175921,67.77595573
9/18/2023 21:00,14.58482095,98.63526626,91.45268794,90.7272693,68.90403869,67.95077586
9/18/2023 21:15,14.03365231,95.77383345,96.21012089,92.28325341,66.06832056,61.44424751
9/18/2023 21:30,13.36948221,96.34808417,86.63600673,94.44649653,68.65542225,68.54745092
9/18/2023 21:45,15.71792453,95.72098824,95.4079352,92.56502627,68.55945358,66.79321769
9/18/2023 22:00,13.80378299,98.68328042,81.56711289,99.20592476,65.98724423,62.72084847
9/18/2023 22:15,13.49128596,97.27635242,96.60029262,90.83144941,64.03360362,69.34234284
9/18/2023 22:30,12.39374701,95.20176486,91.9365244,94.00330488,62.8063536,65.65830287
9/18/2023 22:45,15.43824673,97.22446483,90.04088983,95.08821892,66.18041283,61.29483571
9/18/2023 23:00,13.2708038,96.78991147,95.8241716,95.30489474,66.72176758,64.04274044
9/18/2023 23:15,14.17816556,95.99546404,85.07362321,93.91092147,63.10089926,64.24582084
9/18/2023 23:30,14.6062585,95.19860957,98.1871686,96.71642346,65.55168625,63.3028353
9/18/2023 23:45,12.01645213,98.73157814,88.29809048,97.9392706,68.63069746,68.36071202
9/19/2023 0:00,13.2811361,97.17697,97.10682204,93.87535683,69.93308424,64.07904813
9/19/2023 0:15,15.29883174,98.50054969,89.52214861,93.97677622,67.56915689,68.53617325
9/19/2023 0:30,15.33033827,98.07552685,94.62547015,91.86932254,68.26951315,66.18951963
9/19/2023 0:45,14.44880291,98.6258112,86.37221093,97.02902792,66.73359562,66.09626593
9/19/2023 1:00,13.88905078,97.50416184,87.38144313,97.39423945,62.96343,64.1211296
9/19/2023 1:15,14.69182909,97.62483621,85.68982878,95.10874692,65.36113636,62.35703189
9/19/2023 1:30,12.98922378,98.0298777,84.26867939,96.1666846,60.60257822,64.68149128
9/19/2023 1:45,14.21663888,98.05877704,97.79560403,95.01440173,62.07810297,68.71754096
9/19/2023 2:00,12.26895145,98.42120896,99.98787031,98.11422718,69.33150826,62.11945702
9/19/2023 2:15,13.57758292,96.29831422,89.65224431,97.28315716,66.83556353,62.15128334
9/19/2023 2:30,15.30285124,97.76209541,80.74169397,95.51657102,65.58786663,64.44887648
9/19/2023 2:45,12.66739925,98.46046659,98.93390708,98.18207034,62.53610926,66.21020233
9/19/2023 3:00,15.26820946,96.07974481,91.77625798,94.06822316,63.70600288,68.15670763
9/19/2023 3:15,14.96724509,97.47429956,86.70271652,96.96959842,65.22437936,62.54824055
9/19/2023 3:30,12.66395194,96.37974604,80.32496143,93.22311678,64.6180016,65.38965458
9/19/2023 3:45,12.71614976,98.57088497,97.19104531,97.0606267,67.89037537,63.95127505
9/19/2023 4:00,15.31706076,96.55170762,84.46972659,93.87013261,64.31436113,67.9910147
9/19/2023 4:15,13.39057545,97.48622712,82.96621001,98.68134681,69.40088477,65.71112721
9/19/2023 4:30,15.6342587,99.03475856,99.16571457,90.66071479,66.31101866,61.28876483
9/19/2023 4:45,14.30262432,96.97484024,89.27072038,91.9684869,61.07910177,62.14788225
9/19/2023 5:00,12.11431361,99.04103879,81.74232257,98.83598893,61.95368861,69.95682712
9/19/2023 5:15,14.00943005,98.32362583,87.03494989,92.09704209,60.54198423,63.19572757
9/19/2023 5:30,14.25476085,98.36921439,88.98916678,92.28044528,60.46531628,64.43184474
9/19/2023 5:45,14.86815683,97.0988387,81.09898341,97.44211508,65.08690601,67.73142303
9/19/2023 6:00,18.57752209,96.08324317,88.5230413,95.9276361,62.91552474,62.03714075
9/19/2023 6:15,18.60710737,95.8935788,87.96743192,97.53132183,67.6639954,69.78599832
9/19/2023 6:30,17.36532195,97.13829732,82.38496522,97.17309582,64.2429381,62.3113352
9/19/2023 6:45,19.33017344,97.88806611,82.49070922,90.87726683,60.11732251,63.49803688
9/19/2023 7:00,19.54874655,96.27123284,87.0002306,96.3107347,68.86612854,68.17189114
9/19/2023 7:15,16.62000846,99.86734804,85.63484623,98.08241101,62.78118944,64.45253705
9/19/2023 7:30,18.32853073,97.24888013,87.22916289,96.83780197,65.73626617,67.60483883
9/19/2023 7:45,18.3625026,99.26953441,97.08068288,90.99312705,66.0898177,63.75623978
9/19/2023 8:00,16.62409847,99.11642934,80.65885578,109.9611237,74.42622223,73.67550125
9/19/2023 8:15,16.28619934,98.22624856,102.9430962,104.7105772,70.88312133,73.76516146
9/19/2023 8:30,17.54280981,99.61199266,102.5464109,106.9019788,74.47216633,72.44217764
9/19/2023 8:45,16.65458902,96.26059089,86.90711198,101.0576405,74.0930568,72.85653577
9/19/2023 9:00,17.16593157,98.4659558,107.4587832,100.6685561,73.64353186,71.84575786
9/19/2023 9:15,17.51309815,95.34962165,94.15745312,100.0582756,72.98838061,77.67789366
9/19/2023 9:30,17.54012576,99.75648869,98.1996193,107.8107349,70.77926903,72.73332554
9/19/2023 9:45,17.93868486,98.0056738,104.3865342,109.2948113,72.41759205,77.21548978
9/19/2023 10:00,17.2297932,95.62927738,80.75718991,107.2605747,74.21712209,78.43438654
9/19/2023 10:15,16.77540522,97.7008684,103.1948923,107.4469535,74.15802047,73.17434657
9/19/2023 10:30,16.67264318,99.33688842,80.319804,103.2041113,72.08116212,77.21361382
9/19/2023 10:45,17.98074855,95.64831432,85.38353537,100.0568441,73.22170765,75.08198729
9/19/2023 11:00,17.48260085,95.0804295,89.87037109,107.9221876,70.6748667,75.64520092
9/19/2023 11:15,16.54284836,97.13529541,96.24593505,102.0808979,73.89467393,71.15168117
9/19/2023 11:30,16.38990227,97.38643904,94.99177517,106.8475979,72.62972881,75.6303989
9/19/2023 11:45,16.04171433,96.39850708,105.7171507,104.2692262,73.33416042,74.65015874
9/19/2023 12:00,15.7478234,99.85796441,109.568947,119.7777215,79.10858132,88.60481998
9/19/2023 12:15,15.48696276,98.30214794,106.2718356,113.1909088,78.90294126,85.32100436
9/19/2023 12:30,15.86585935,96.24328079,118.6130289,115.53296,79.26928981,83.04772881
9/19/2023 12:45,15.89102734,95.59234473,96.96348632,111.7585131,75.44666522,81.6815911
9/19/2023 13:00,15.43256232,99.03483528,114.2460979,110.7604893,76.55077433,86.2233777
9/19/2023 13:15,15.40125377,95.59388253,88.05793547,118.5283454,78.04706035,84.09320861
9/19/2023 13:30,14.85556937,96.59296252,100.0256568,111.9854871,79.09359128,86.78431581
9/19/2023 13:45,14.74020283,97.66739596,82.14638221,116.4922223,78.8247539,86.46297198
9/19/2023 14:00,14.01538754,99.07294497,93.93176754,105.2573316,74.3620673,72.57565996
9/19/2023 14:15,15.08410787,96.19751578,129.451843,107.0734615,72.68006027,79.28055218
9/19/2023 14:30,17.13160539,96.53743257,106.8176724,101.8886614,74.91172256,74.85481501
9/19/2023 14:45,15.25009859,99.17372553,105.0264009,102.9281172,70.2781087,75.00143745
9/19/2023 15:00,17.72362567,99.54447209,111.5657109,107.4334173,72.37670453,73.08631562
9/19/2023 15:15,15.53479719,96.34943463,107.8700122,102.5994973,73.44923422,76.49671293
9/19/2023 15:30,15.18933892,99.60177949,98.878984,109.0165476,72.83774875,74.2885909
9/19/2023 15:45,17.63136973,99.22700987,119.1312232,107.9337787,74.56169834,76.02869203
9/19/2023 16:00,15.54357155,97.81265681,120.4388525,103.308873,73.18126166,74.04500341
9/19/2023 16:15,17.72027941,95.98524253,127.8567772,100.3659463,70.49761785,75.43257019
9/19/2023 16:30,16.75821187,98.03467728,84.29691001,104.3087249,72.76333371,75.37522007
9/19/2023 16:45,16.32746992,99.51594792,107.4497318,101.9622781,74.12379161,79.67573476
9/19/2023 17:00,16.81964093,98.41231799,97.05392171,102.6746215,70.8949207,71.58012551
9/19/2023 17:15,14.01733393,96.35448306,109.4141263,104.3064907,73.04259037,75.24889498
9/19/2023 17:30,17.45254833,99.43217668,84.24985877,100.359106,73.86432789,73.93868541
9/19/2023 17:45,17.89617619,95.09903317,99.44515524,106.4496308,73.20250742,78.94533605
9/19/2023 18:00,14.71341666,96.29091931,115.0185871,106.5871633,70.72082873,71.09065491
9/19/2023 18:15,16.5042536,99.07785489,80.946978,106.0904367,71.779108,71.24186106
9/19/2023 18:30,16.15528863,97.39590659,102.3162721,105.8983426,71.79291234,74.63860207
9/19/2023 18:45,14.60730215,97.5682179,100.0199077,107.4028338,74.24576491,78.78198754
9/19/2023 19:00,17.86088461,98.12187468,118.2600855,101.6859507,72.9564476,76.14367362
9/19/2023 19:15,14.02240379,99.44191053,129.4823327,109.6227514,70.82789513,79.74828188
9/19/2023 19:30,15.60718032,97.60541168,122.9798565,106.3679405,73.20638269,74.81505443
9/19/2023 19:45,16.28875687,95.11347771,113.3315378,104.9845615,74.45592482,76.40162823
9/19/2023 20:00,15.52135997,96.49691401,91.58884697,91.48264917,63.01007652,64.28422579
9/19/2023 20:15,12.43736661,97.95684306,99.02083561,91.58208325,67.01668637,64.43250186
9/19/2023 20:30,15.21094846,98.47673316,90.43790404,90.1122836,62.04570849,69.91791348
9/19/2023 20:45,15.91513692,99.61663356,90.55251419,93.49242246,68.97479265,65.58530523
9/19/2023 21:00,14.29822804,95.24927204,82.9113814,99.633897,63.29239699,64.37886509
9/19/2023 21:15,12.74922618,99.66123933,89.20506624,91.29564044,64.73948693,66.34647363
9/19/2023 21:30,13.69804086,99.76892014,81.6455454,90.84372981,64.10199046,66.61326057
9/19/2023 21:45,15.82886757,96.7404756,87.05473426,99.5506289,64.98716923,67.34749816
9/19/2023 22:00,13.22470556,98.96961069,98.96183922,98.08404925,68.86150981,66.82381087
9/19/2023 22:15,15.23852,99.52256538,96.14254832,95.16345714,68.13056749,67.12066123
9/19/2023 22:30,13.8395549,97.26232017,85.75969291,98.34813133,66.72687402,62.20444895
9/19/2023 22:45,13.20953666,97.33713786,80.53859834,92.54935031,62.73682127,62.11503954
9/19/2023 23:00,12.15583206,99.84624448,92.22080688,99.31594831,67.77088924,66.33214615
9/19/2023 23:15,12.50622246,99.43196267,84.56155791,93.44425159,62.35492151,67.60595741
9/19/2023 23:30,13.17005951,96.36300233,88.05042782,97.58398383,68.823325,65.16900949
9/19/2023 23:45,14.10989284,97.06367523,95.70670173,96.64933381,67.98802382,64.03412515
9/20/2023 0:00,15.08158172,97.10832328,87.21845845,94.87645898,63.3518629,65.24908198
9/20/2023 0:15,13.28784677,99.69109889,88.58286797,95.67263293,69.52369557,66.40144574
9/20/2023 0:30,12.26680578,97.41129777,86.62837751,92.52422351,63.02673093,68.67837826
9/20/2023 0:45,14.38999526,96.54959203,87.90221431,97.26305237,69.94094179,61.81770826
9/20/2023 1:00,13.74755551,99.30977665,98.68661866,92.92208201,61.46788337,63.1547205
9/20/2023 1:15,12.41389012,98.01559185,99.7028863,94.26307593,63.17636691,64.34441031
9/20/2023 1:30,12.25793949,98.45045953,90.80742472,91.97997633,66.14465625,62.86345998
9/20/2023 1:45,13.30017949,99.42677239,92.7081391,92.2506609,62.40572405,66.81970504
9/20/2023 2:00,14.39395232,95.228451,94.22315259,95.05661866,68.28302688,66.52145972
9/20/2023 2:15,15.51960214,96.62658176,98.08850315,98.67672358,65.59878225,67.90758338
9/20/2023 2:30,13.01021528,99.15360941,87.39051131,96.65299201,65.94513274,68.63062822
9/20/2023 2:45,13.34709451,96.71074292,82.02132925,94.80365426,60.34457872,62.7526215
9/20/2023 3:00,12.68698933,96.86796497,87.25141578,90.88751964,69.25807929,61.86200615
9/20/2023 3:15,15.68478482,96.52832107,92.75113405,95.52377611,67.22181058,63.36899656
9/20/2023 3:30,13.5876335,98.37460038,89.94615991,95.38439709,61.70797196,63.17478013
9/20/2023 3:45,14.68734052,99.602304,84.47194222,96.47384314,67.2295136,66.69273811
9/20/2023 4:00,12.55193539,99.07613116,88.48524354,95.25001857,63.61824889,63.8625333
9/20/2023 4:15,15.67981424,98.7375119,83.22487354,91.61931622,65.00929822,67.43354126
9/20/2023 4:30,13.29515959,96.33436583,80.04370158,95.79050067,66.62669735,63.66840689
9/20/2023 4:45,14.30075833,96.63044069,94.62998308,93.63343962,68.1790158,64.66999944
9/20/2023 5:00,12.05213659,95.20778101,94.52435848,99.3804618,66.76958361,62.41377551
9/20/2023 5:15,14.85477162,98.16349958,85.85209387,98.46189795,69.30993469,62.784331
9/20/2023 5:30,13.97882563,96.26384223,93.8723815,90.40331106,64.92172883,67.50088045
9/20/2023 5:45,12.93024814,98.0395402,92.16025648,92.04211888,67.20648999,67.68003476
9/20/2023 6:00,19.30898842,99.28601746,91.60434338,92.65646425,65.88731098,63.68422347
9/20/2023 6:15,18.01247113,95.73147939,99.92619282,94.61870623,62.39137604,65.78519861
9/20/2023 6:30,16.15863291,97.49918688,87.09039351,94.71755301,65.25306685,65.02269058
9/20/2023 6:45,19.11006916,95.3081101,83.80105252,95.30431057,67.8434979,62.64394674
9/20/2023 7:00,18.9849807,97.98316664,98.94037705,92.28404568,69.49454816,63.45866942
9/20/2023 7:15,18.04651356,98.97095313,90.18170249,90.41229763,69.3876506,63.12908734
9/20/2023 7:30,19.7459431,97.47810694,89.25573207,93.73263656,68.74642447,68.75065821
9/20/2023 7:45,19.21856021,96.9961725,96.1854912,99.57134815,63.89489975,65.77001398
9/20/2023 8:00,17.16760984,98.54624541,101.8248443,103.2885514,71.13474629,71.05815322
9/20/2023 8:15,16.79464125,99.93799352,84.21817923,109.8588326,74.08681612,72.38516872
9/20/2023 8:30,16.16110382,95.69798525,101.0363985,106.3649656,71.65424838,78.44950948
9/20/2023 8:45,16.06953873,96.07360307,86.43383062,101.6228159,71.43857089,73.86525197
9/20/2023 9:00,17.9346709,95.70030576,100.6445009,106.1982739,73.97540252,73.25426206
9/20/2023 9:15,17.6926421,95.93996839,81.4625687,105.4191903,74.13214596,73.17570476
9/20/2023 9:30,17.17043906,96.642732,100.928562,106.4760119,70.87746781,77.41306117
9/20/2023 9:45,16.44233702,98.90028849,93.52701837,104.2412232,70.830995,72.56014182
9/20/2023 10:00,16.50658494,98.87305325,83.31965946,101.0842848,72.65119253,73.6466231
9/20/2023 10:15,17.04014307,99.37215054,92.93552778,100.3437538,70.71885048,71.26481787
9/20/2023 10:30,17.76398631,98.39801172,90.51560898,100.2888937,73.66116992,71.24723572
9/20/2023 10:45,16.23155198,99.28318542,99.30142927,108.9382867,70.24164057,77.35516868
9/20/2023 11:00,16.59094356,97.54418311,102.5952753,102.7009334,71.54780755,75.28530469
9/20/2023 11:15,16.98148243,98.62485689,89.06237777,109.1795849,71.67927634,75.39784031
9/20/2023 11:30,17.85908071,97.48079205,107.2918505,102.8960493,72.98263492,72.31832046
9/20/2023 11:45,16.6209515,95.37839789,106.8422005,106.3961577,71.61479573,72.10566036
9/20/2023 12:00,15.05014862,98.11542043,89.30623597,113.9321556,77.0661945,84.87117302
9/20/2023 12:15,15.51580179,97.9097841,117.9069867,110.9200265,77.25928587,86.4129445
9/20/2023 12:30,15.80689948,98.05943417,119.5014662,115.1611523,78.73516982,86.79931179
9/20/2023 12:45,14.98045166,96.75863815,87.9180677,111.4363653,79.67356851,81.23046286
9/20/2023 13:00,14.50483153,97.10910492,83.47484375,112.6510207,77.05227344,86.79827435
9/20/2023 13:15,14.27288994,95.73542271,95.15874121,118.4187746,78.33980412,86.83756658
9/20/2023 13:30,14.60657347,98.97713038,100.0067507,114.6120087,79.72430082,88.25244777
9/20/2023 13:45,14.52035481,96.59860516,100.7093128,119.6968865,77.11307692,89.29102827
9/20/2023 14:00,14.39674753,98.47249067,120.7230041,107.27773,73.13918143,75.28258441
9/20/2023 14:15,15.19684488,95.70782682,119.1777861,102.9136644,71.5303367,79.34339957
9/20/2023 14:30,17.73555338,95.31839595,103.7530018,101.6507746,70.05611864,79.67157841
9/20/2023 14:45,17.9918921,96.11577726,125.9042692,100.0059978,73.55289226,73.02845547
9/20/2023 15:00,14.20577087,98.38803702,126.6591776,102.9439996,71.10663143,71.08005352
9/20/2023 15:15,16.60024441,98.95399667,123.0127067,100.3366112,74.98896519,72.79242732
9/20/2023 15:30,16.97566445,99.76005975,114.1485816,109.150688,72.58696024,78.02698376
9/20/2023 15:45,17.6974104,98.60804508,121.0627463,104.3344414,70.44720886,73.78360267
9/20/2023 16:00,14.0479818,97.48147061,115.7035006,109.5310499,72.04633558,71.81377229
9/20/2023 16:15,16.6132236,95.48158937,111.5794436,104.4659538,74.83016889,71.7273677
9/20/2023 16:30,17.56862508,99.80628929,93.11038648,107.5273608,72.71985757,78.69528793
9/20/2023 16:45,17.00540483,97.42793604,122.8837862,109.4221734,74.7192826,79.58660109
9/20/2023 17:00,16.68671975,98.79933484,119.2305235,104.2124676,73.46359894,74.46718776
9/20/2023 17:15,14.34758243,97.16272152,82.10542887,101.6744812,73.31047761,77.84618649
9/20/2023 17:30,16.77507257,99.7482922,96.9269492,102.9079296,73.85080259,79.9939806
9/20/2023 17:45,14.62271348,97.95320131,111.5031062,103.500907,70.69677818,71.80191993
9/20/2023 18:00,17.64634278,95.89709017,99.93780388,103.549165,72.78785022,71.93877942
9/20/2023 18:15,15.29057747,98.10876662,103.6511838,108.525706,74.4160178,78.16486521
9/20/2023 18:30,15.76787836,97.77036278,100.8598098,109.4573398,74.06153685,78.05074493
9/20/2023 18:45,14.0571094,97.44502507,80.38134876,101.1243406,70.97660721,71.9885903
9/20/2023 19:00,17.14092178,96.01839956,90.52736434,100.0601274,74.86749382,77.06289611
9/20/2023 19:15,15.8936071,98.28179928,98.4837005,102.5856343,71.11257315,71.12990285
9/20/2023 19:30,14.20851976,99.44753788,128.9589464,106.3084139,70.06347058,75.10794486
9/20/2023 19:45,16.41910688,96.23495298,121.921388,104.2894286,70.32165979,77.95931444
9/20/2023 20:00,13.05401821,98.37519446,84.02451231,98.89593356,60.67022103,64.35636024
9/20/2023 20:15,12.50354908,98.07135804,84.03120985,98.41977708,67.02185782,62.63093165
9/20/2023 20:30,13.38203471,95.83687692,86.66542597,97.942929,66.87703962,64.90978103
9/20/2023 20:45,14.03492508,96.77568142,96.2502074,97.65566931,67.66126044,61.87658176
9/20/2023 21:00,14.86651273,97.79048459,83.43085485,95.03586763,65.93078806,68.99128014
9/20/2023 21:15,14.45122546,98.84639736,95.79067078,92.82424355,60.60066037,69.45385901
9/20/2023 21:30,14.4162455,98.15329466,87.38697283,93.38428209,63.49828215,66.11999944
9/20/2023 21:45,12.09010106,99.62751311,89.68909992,91.09880263,66.52581697,63.43407273
9/20/2023 22:00,14.21314959,97.41315181,81.0276506,94.28147844,62.37994734,68.34837235
9/20/2023 22:15,14.39325329,96.47043782,84.06185518,90.85166818,60.8083052,63.84625089
9/20/2023 22:30,13.35457492,99.54933096,84.7663617,97.69973797,64.87985157,68.08938008
9/20/2023 22:45,13.47049452,96.47661831,97.33519407,90.62050871,63.50455665,61.30506761
9/20/2023 23:00,12.84554819,95.75442992,99.86389559,93.77618826,67.5311104,65.89373581
9/20/2023 23:15,15.10514194,96.41417836,99.20348952,92.0982566,60.83597365,64.77304594
9/20/2023 23:30,14.02746251,98.2214991,93.62675807,90.36379341,65.09404898,61.80758002
9/20/2023 23:45,14.73816708,97.86749442,86.37551739,94.55906226,67.70821943,61.46946601
9/21/2023 0:00,15.88121838,95.92064884,89.78456223,92.23411483,64.35083009,65.24769125
9/21/2023 0:15,14.76323199,96.68089264,99.71573347,93.40909851,65.09597329,65.06518739
9/21/2023 0:30,13.88154538,99.52926377,84.68215593,99.7587795,66.38011919,66.14674874
9/21/2023 0:45,12.94902199,97.82239054,86.695083,94.56519711,66.20847739,68.52855515
9/21/2023 1:00,14.70616013,97.90588682,97.32365455,91.5272408,67.01713663,67.19789812
9/21/2023 1:15,15.4386955,98.50172869,90.68625796,92.01426354,64.95514256,69.6208792
9/21/2023 1:30,13.88086547,98.22162576,91.26564414,90.60407208,67.76130249,67.52701693
9/21/2023 1:45,14.04349674,96.75924771,87.73577071,99.84220835,65.82001495,69.95100517
9/21/2023 2:00,13.75055665,99.2478634,91.20756322,91.65686749,62.61958432,62.02394337
9/21/2023 2:15,12.57741414,99.29013725,97.3240734,93.68854132,67.10285075,63.23665387
9/21/2023 2:30,12.38836339,97.00452417,86.07424959,90.8486972,66.33590094,61.80851293
9/21/2023 2:45,14.25683054,99.46939713,92.17383088,97.35418384,69.99697314,66.33512253
9/21/2023 3:00,14.83499433,95.46015977,98.95327489,94.69847156,69.24428976,69.62160887
9/21/2023 3:15,14.07755218,98.21515109,93.76779307,95.99022736,66.68850909,66.0128885
9/21/2023 3:30,14.02115969,96.45301571,85.70074123,97.14422172,66.76976383,64.83386147
9/21/2023 3:45,15.82160923,95.79790141,94.92182771,95.04024482,62.82621502,63.0291796
9/21/2023 4:00,12.77213043,96.30263737,93.60907847,93.07556018,61.95771822,66.41174107
9/21/2023 4:15,12.84253243,99.74339812,83.78550734,92.50725246,67.46884567,62.87055149
9/21/2023 4:30,13.68883903,98.36289768,97.65133955,95.05064115,63.26807218,66.66634311
9/21/2023 4:45,12.0285902,97.43860171,87.17203172,99.55098898,68.53982594,69.02347513
9/21/2023 5:00,15.05067235,95.67273564,84.02199798,90.21549722,65.66340129,64.56748515
9/21/2023 5:15,14.87054734,97.97692942,83.34803089,94.4153437,69.8846842,64.93796872
9/21/2023 5:30,15.765539,97.28708754,94.4491517,95.82422826,61.26255301,68.24165054
9/21/2023 5:45,15.97639265,97.93158773,85.54712756,97.96507546,64.50328972,63.88105171
9/21/2023 6:00,19.19115483,97.76763457,86.60300858,94.61952686,63.94706201,63.47865333
9/21/2023 6:15,17.74469245,99.27163859,86.30062804,92.92286362,68.84788736,67.10868989
9/21/2023 6:30,18.54813153,95.69676389,95.50781678,97.98750629,68.63640172,68.85417573
9/21/2023 6:45,16.00380676,95.22763413,98.50166973,96.96188175,69.3587514,65.90536325
9/21/2023 7:00,19.01219734,96.59874221,83.32257043,97.7349393,68.95364704,62.79555594
9/21/2023 7:15,18.96875666,99.89092041,94.901662,96.58714128,62.76984423,62.3159354
9/21/2023 7:30,18.39173054,98.32650873,81.11716777,97.57363971,69.35716139,69.17647903
9/21/2023 7:45,19.04043177,98.50077294,87.6740989,95.87588572,65.94612747,63.02715322
9/21/2023 8:00,17.33417688,95.96403,92.67393994,106.2818077,70.72935474,73.10416701
9/21/2023 8:15,16.75415929,98.81442878,85.66813339,103.1203661,70.20136702,77.23540162
9/21/2023 8:30,16.55246162,98.01608932,102.8785094,103.1556739,70.02887665,71.84163109
9/21/2023 8:45,16.16304163,96.57613017,93.53395566,108.4940103,70.49114504,74.78542658
9/21/2023 9:00,17.53552316,97.97450152,83.15273886,107.2954579,70.17679683,72.24950349
9/21/2023 9:15,16.54949541,95.57222716,91.39016226,106.5394034,70.99311664,74.49580202
9/21/2023 9:30,16.2451738,98.45554362,106.9116212,105.1411613,73.12806194,71.15738825
9/21/2023 9:45,16.9761542,99.61242688,98.57440321,108.6765072,71.43228779,77.28308692
9/21/2023 10:00,17.44126969,97.78482446,106.522326,101.9391791,70.89292742,79.28966871
9/21/2023 10:15,17.56428245,95.12716516,85.92911764,105.9357533,74.81833127,79.7667784
9/21/2023 10:30,16.12047496,98.16929248,97.06266587,105.8222506,71.27309535,71.08051357
9/21/2023 10:45,17.27276696,95.50666548,93.42935336,107.3187349,70.50645752,79.25137987
9/21/2023 11:00,17.38026416,99.35935349,98.59685113,100.1346649,72.4733343,72.48409112
9/21/2023 11:15,17.21966955,99.05658129,87.47768435,100.018773,72.71252051,78.47984692
9/21/2023 11:30,16.44454535,99.47338407,82.25702328,103.0728443,73.72017413,74.23270117
9/21/2023 11:45,16.59584624,99.96813701,104.9607368,101.8532343,72.96373865,77.4806262
9/21/2023 12:00,14.96507189,98.57118849,106.9304728,113.9192173,78.53989399,85.68627389
9/21/2023 12:15,14.49746907,98.87821521,117.0969962,115.1130929,76.88521022,83.56519449
9/21/2023 12:30,14.3617869,99.92920628,106.0883224,119.6691946,79.8861673,86.98539215
9/21/2023 12:45,15.64103633,96.63551782,116.977421,110.2755685,76.67415136,89.30229793
9/21/2023 13:00,14.51479724,98.8948567,111.9421678,117.4911678,75.35960228,83.40045242
9/21/2023 13:15,14.2851698,95.42204653,118.1790422,117.614324,77.37795687,81.597157
9/21/2023 13:30,14.35300287,97.51311819,113.1122152,118.2465114,75.40373617,86.50953578
9/21/2023 13:45,14.78269713,96.84141095,116.2759453,111.5052689,75.61282388,85.79828922
9/21/2023 14:00,17.14549095,99.62521243,111.9330071,100.5977095,71.19651274,72.96993092
9/21/2023 14:15,14.52434793,99.85815135,125.1700833,108.7830334,70.97382564,77.92731364
9/21/2023 14:30,15.39557129,96.83324987,83.7743348,105.4194779,72.90550769,79.051338
9/21/2023 14:45,16.18407438,98.23657016,115.0994481,105.5712643,70.59541173,72.53058973
9/21/2023 15:00,14.13210009,95.34089523,97.84578952,108.5493584,71.47514498,78.35001371
9/21/2023 15:15,17.13305004,95.39444566,114.3999658,109.7754947,70.5583654,76.02294641
9/21/2023 15:30,14.99323904,95.68792528,127.4719087,109.5494183,71.91949112,75.77243046
9/21/2023 15:45,17.99948196,98.75873752,128.8178029,107.3703743,74.01014889,76.27309882
9/21/2023 16:00,17.34204126,95.82561903,107.7137851,106.4776593,71.63147584,77.89792894
9/21/2023 16:15,15.75618963,96.43630325,83.89089363,104.659801,74.97475697,74.42711405
9/21/2023 16:30,15.49553039,99.87856768,92.43156901,109.1721181,71.65126255,75.62048056
9/21/2023 16:45,17.83161414,98.1586811,108.3950172,103.6430624,73.2511224,75.84972207
9/21/2023 17:00,16.74350377,96.94664523,126.124701,105.7346256,74.17267907,78.00567129
9/21/2023 17:15,14.5459511,96.35788389,93.85637452,107.5805707,73.54598568,71.12064208
9/21/2023 17:30,15.30869941,96.29211392,108.8138383,100.4072414,73.35099067,74.90743421
9/21/2023 17:45,14.73490927,99.15395781,80.84419429,106.1378637,70.61112355,74.07841083
9/21/2023 18:00,14.59393226,96.48063462,98.93069337,103.5719319,73.35465017,73.32979793
9/21/2023 18:15,17.15534281,96.70541559,110.9191697,108.1953104,72.511976,76.55506786
9/21/2023 18:30,17.43444608,96.27821958,104.5257582,107.641578,71.2803529,72.40449794
9/21/2023 18:45,17.24869997,98.71634883,89.60392178,102.6124646,71.67875548,73.68339242
9/21/2023 19:00,14.40218548,98.61243706,94.20460796,102.6894379,71.31348117,73.67996811
9/21/2023 19:15,16.1802286,99.51055036,96.24274982,104.5941599,70.31032476,73.96123622
9/21/2023 19:30,15.09509618,99.37789309,129.8134175,109.0040031,73.61527219,79.38951743
9/21/2023 19:45,16.45249156,97.96861265,108.7654513,106.6728085,70.15847162,74.7863854
9/21/2023 20:00,15.74976079,99.73194451,91.7063317,95.75376895,66.63964031,62.03628684
9/21/2023 20:15,14.75478981,96.11298697,99.88069612,90.49198707,69.35803494,69.713225
9/21/2023 20:30,13.04209985,95.91977281,88.36887405,93.33358199,64.65354639,67.36513697
9/21/2023 20:45,14.99485816,99.70828332,93.44144878,93.56819478,61.74183176,66.16773571
9/21/2023 21:00,15.87937296,97.11476789,92.6044622,96.62240619,60.14533702,64.25034262
9/21/2023 21:15,13.14098299,95.0541352,94.85535438,95.8600607,61.61532579,66.96880512
9/21/2023 21:30,15.83309613,96.70410507,91.41873651,91.77734877,67.96897306,64.45791101
9/21/2023 21:45,13.29669519,95.57640313,94.17272569,91.24913028,62.85444628,68.13685266
9/21/2023 22:00,13.07842048,98.93873486,83.69969138,93.70663093,62.62499095,65.48816241
9/21/2023 22:15,13.39989724,98.3680279,85.66516889,92.69756108,62.26807374,63.23993962
9/21/2023 22:30,12.68420253,97.43170653,93.2740405,96.40519276,60.20348678,69.25160761
9/21/2023 22:45,15.1878193,97.9875124,96.7441489,94.12181683,67.63617489,61.14585785
9/21/2023 23:00,14.74078612,97.74980693,84.24213201,99.91056841,60.87350937,65.81097271
9/21/2023 23:15,12.35844863,97.04043278,85.00854437,96.07995442,62.94936278,65.22949325
9/21/2023 23:30,15.26164493,97.98141658,93.86014082,99.88362939,62.06419411,66.55407499
9/21/2023 23:45,13.13560094,95.09224313,80.85117078,96.90989752,62.19211937,63.42252326
9/22/2023 0:00,14.44625727,99.9659949,93.17810312,94.86392254,69.85256733,68.46076003
9/22/2023 0:15,13.8484689,95.5652793,99.89365028,98.04657545,67.92998513,62.36797482
9/22/2023 0:30,15.40134972,97.08970921,97.15666413,91.77671894,65.77455827,65.67019625
9/22/2023 0:45,14.35039402,99.37987037,96.175275,91.32943723,63.02166672,69.34597653
9/22/2023 1:00,15.79028188,98.1379638,86.28937802,99.26532718,68.64808242,67.95828662
9/22/2023 1:15,12.26905262,97.11174623,89.95379177,92.10622759,69.72600058,65.58798497
9/22/2023 1:30,14.61389611,99.01448619,91.74813699,94.11484813,67.13135609,62.6192402
9/22/2023 1:45,12.34576589,96.39811882,81.94537088,96.42227643,65.7353889,69.78979482
9/22/2023 2:00,12.82885907,97.09389561,96.97968513,95.75670554,66.72569063,66.7928591
9/22/2023 2:15,12.5546415,96.68840912,92.82135226,98.08662315,61.94688469,61.34321211
9/22/2023 2:30,15.62314164,98.62124795,92.36610932,94.12177803,63.21912147,69.53479837
9/22/2023 2:45,12.53491318,99.61910963,84.18408676,99.19220692,60.88561775,69.82544954
9/22/2023 3:00,15.16940638,95.58754406,81.2734772,98.37241471,63.83399414,62.10960601
9/22/2023 3:15,13.05260768,97.90877524,88.36200345,96.32444452,66.07390549,64.0627385
9/22/2023 3:30,14.12863924,96.60264695,93.24709681,91.50851632,61.74408467,65.32379015
9/22/2023 3:45,12.36964532,98.46876124,90.21018047,94.02794503,64.99002795,62.88550802
9/22/2023 4:00,15.87321434,95.24308632,91.4706148,97.58007559,61.13954564,68.53420779
9/22/2023 4:15,15.67574124,97.82552052,97.26609356,95.53534853,64.45745988,67.2417788
9/22/2023 4:30,13.82307473,99.88286658,81.67899018,95.49881945,66.18428938,65.7706349
9/22/2023 4:45,14.98781332,96.06691947,93.6298934,98.2187285,62.51851344,68.914937
9/22/2023 5:00,15.13970509,98.34025174,91.1203456,96.92361519,61.57181683,61.48306902
9/22/2023 5:15,12.93584179,98.97141318,95.35477353,94.74323237,68.64524942,62.87766681
9/22/2023 5:30,15.46698484,97.80366127,83.23929753,99.40354818,60.60780954,67.61925718
9/22/2023 5:45,12.61856729,96.36082865,99.54171448,93.93659182,68.83522233,62.75509518
9/22/2023 6:00,16.41033188,98.20958626,91.01141081,95.54745555,63.61799358,69.44403963
9/22/2023 6:15,16.12860687,98.25039036,89.44861516,96.64768939,61.91940476,63.20148502
9/22/2023 6:30,18.1001738,97.75416424,94.27012912,94.32759203,61.28304207,63.98283496
9/22/2023 6:45,19.53491726,99.43591196,96.2444087,96.80563886,66.19949992,61.16918959
9/22/2023 7:00,17.43756337,99.5466743,88.23583233,90.63785014,66.85499987,61.57167914
9/22/2023 7:15,18.00108762,95.66383858,86.32419558,97.39319465,60.55066568,67.99950822
9/22/2023 7:30,18.93781864,98.77117246,84.49201704,93.94222137,65.87310758,65.78641539
9/22/2023 7:45,16.21574422,95.56095424,92.32058624,90.48537897,65.54101757,61.5928576
9/22/2023 8:00,16.52899921,95.71811789,98.57461747,101.1620077,73.03350667,77.42173393
9/22/2023 8:15,16.46000628,99.50123726,86.68854986,100.6152222,73.3622891,75.73938204
9/22/2023 8:30,16.92393781,95.50221793,100.7178959,101.4531073,74.92337443,79.86531372
9/22/2023 8:45,16.71468956,98.28781668,97.3049843,100.068871,71.67156411,74.14291972
9/22/2023 9:00,17.02003156,95.99753335,91.74628841,102.7216144,70.58180333,78.95184113
9/22/2023 9:15,16.53459872,98.10588166,105.9397265,107.385468,73.66470131,78.47491209
9/22/2023 9:30,16.36453516,96.69154119,98.30979318,100.7654381,70.72357034,75.93051019
9/22/2023 9:45,17.50145982,98.08335127,108.5017477,109.8114858,72.05610617,74.73809892
9/22/2023 10:00,17.17959189,96.33956835,98.71188113,101.7083298,70.61188792,77.44602516
9/22/2023 10:15,17.63576304,98.16433025,86.79992048,109.0909929,70.83477741,77.17136373
9/22/2023 10:30,16.27256564,95.72624482,92.15824398,100.5519312,74.56520434,71.70625297
9/22/2023 10:45,17.40351726,97.88620951,93.61467083,105.1683242,74.24595511,77.38690831
9/22/2023 11:00,16.58650147,98.56392326,103.750951,103.2795594,74.46311494,75.71709953
9/22/2023 11:15,16.30513099,98.91938382,87.59772998,105.9938124,74.32288303,72.08103893
9/22/2023 11:30,17.41691714,95.06546105,81.39740973,102.7251616,74.56745465,79.6153613
9/22/2023 11:45,17.96315369,97.32843925,99.6632228,105.9158611,74.8291869,74.84618116
9/22/2023 12:00,15.60629233,95.89323298,113.1634152,113.9628596,78.93396242,82.95059976
9/22/2023 12:15,14.6659226,96.88812403,105.1969629,110.3017184,77.20791873,89.76495613
9/22/2023 12:30,14.06926846,96.59666001,98.39276065,117.8366667,78.16359239,81.72247389
9/22/2023 12:45,15.3879045,99.14268202,98.56304022,119.2136646,76.66365404,88.03120386
9/22/2023 13:00,15.34552032,99.14199122,100.0616357,114.6256667,78.46923214,88.81134271
9/22/2023 13:15,15.6070367,99.7167563,103.5473204,118.4596236,78.38262959,81.88006522
9/22/2023 13:30,15.63831577,95.89753982,83.19993631,114.2947302,75.01796572,81.27785403
9/22/2023 13:45,14.41280468,96.13388786,85.83314304,119.3018129,76.39550062,84.98121715
9/22/2023 14:00,15.54561333,97.55662464,100.9449912,102.9358949,74.45266683,79.66403613
9/22/2023 14:15,16.99246916,98.18464469,82.26954992,105.2252704,70.06196653,72.61365202
9/22/2023 14:30,17.10906768,97.32242172,114.5766736,107.2224565,74.45552279,75.38321447
9/22/2023 14:45,14.74472095,99.41046919,120.2769436,105.7088596,73.96092889,72.3081019
9/22/2023 15:00,17.05291203,97.39968414,93.42480013,108.9204615,74.31909873,71.80602382
9/22/2023 15:15,16.58059164,99.22015578,106.5408591,107.8974226,73.12555617,71.31024865
9/22/2023 15:30,16.75632674,98.98193611,108.240257,109.3092234,73.84787031,71.72389653
9/22/2023 15:45,14.71118455,97.49990483,95.06201466,100.0735095,70.69638749,78.00584535
9/22/2023 16:00,16.349219,99.53120507,125.5803081,104.5381459,73.66644245,74.24588852
9/22/2023 16:15,15.16014661,96.33788025,115.1103347,107.7036368,70.23730241,72.16710183
9/22/2023 16:30,17.60536666,99.23347958,104.3279493,106.1308484,70.66101769,75.46979745
9/22/2023 16:45,17.64395523,98.30812008,87.33402499,105.010634,71.02079236,71.32555292
9/22/2023 17:00,17.84774147,97.72202288,119.0017062,102.8566828,74.53873121,73.31488054
9/22/2023 17:15,16.16630358,95.90021571,120.6829183,106.7221709,74.53198344,72.00015505
9/22/2023 17:30,17.00877823,95.97314931,127.5972159,105.4853844,70.47736749,78.60961027
9/22/2023 17:45,17.94585567,97.53317797,119.3164644,101.3426056,72.21996038,79.99062208
9/22/2023 18:00,15.67570713,95.00300534,116.5264748,101.8684555,73.68715235,74.44482545
9/22/2023 18:15,16.88582663,95.61075539,125.001219,108.6861697,71.6065058,74.57584209
9/22/2023 18:30,14.44280442,96.12392501,112.0140581,100.7949527,70.58095169,79.8689705
9/22/2023 18:45,14.69704613,99.7419152,82.16986561,105.7339398,70.46519706,79.21202111
9/22/2023 19:00,15.70346114,97.73693952,99.44564449,100.7784106,74.29657766,74.620725
9/22/2023 19:15,17.63557119,96.05426133,122.1648052,104.5218931,71.23035761,78.03333883
9/22/2023 19:30,15.6780228,98.8357866,117.1425056,108.4492591,71.78126668,71.97602192
9/22/2023 19:45,17.61062564,98.77536378,82.51129347,100.2687621,72.68427918,73.13776981
9/22/2023 20:00,12.43396843,99.0601605,82.19557182,99.2286032,69.80536645,62.57214447
9/22/2023 20:15,12.91526167,98.50166495,92.45773132,95.35781539,68.3165321,66.23841663
9/22/2023 20:30,14.92360789,98.49054296,96.51280001,92.71040562,64.34591599,62.69397843
9/22/2023 20:45,15.4056765,96.39523785,91.44541881,90.07369238,65.26076665,62.19015729
9/22/2023 21:00,13.36497011,99.68800423,85.73964799,99.27536743,61.7427377,67.30072766
9/22/2023 21:15,14.83081395,95.4823584,85.10883723,99.77352984,69.38745669,67.85124241
9/22/2023 21:30,14.45076927,98.49376453,97.28556709,93.69034134,67.07184287,67.47515667
9/22/2023 21:45,15.108015,98.63237508,83.94021779,91.11582243,65.6583536,65.42557175
9/22/2023 22:00,12.80273307,95.68191516,80.95302182,92.36596801,69.95853976,67.42384446
9/22/2023 22:15,15.64299365,95.09590661,88.44323575,94.83980551,62.47892744,69.43540433
9/22/2023 22:30,14.7810142,95.61202587,85.13915927,97.30409945,69.01631393,69.73761266
9/22/2023 22:45,15.37859023,96.07505252,87.13547721,99.12316124,65.73094547,68.37898784
9/22/2023 23:00,12.44308702,95.11133765,98.11439463,93.18386008,60.71915965,62.73854606
9/22/2023 23:15,12.71036402,97.05169618,90.57359469,91.91060998,67.57821212,61.21047302
9/22/2023 23:30,13.69708087,99.96296352,97.91477586,93.94776617,62.01412348,69.01845205
9/22/2023 23:45,12.5010315,95.43817021,90.19862582,92.6269543,63.94415812,65.74572714
9/23/2023 0:00,15.8526212,97.74909766,80.89786194,95.04767342,66.8813383,61.67462225
9/23/2023 0:15,12.40529296,97.5596029,91.13254761,94.16830043,64.44857943,66.55061683
9/23/2023 0:30,12.30153729,95.53615852,92.39303122,97.31940577,64.06174617,64.82640766
9/23/2023 0:45,13.57504304,97.40429118,86.64321753,98.16987452,62.05656202,69.62933385
9/23/2023 1:00,15.37868622,99.15739878,96.53991922,90.05874636,68.66805682,69.52052305
9/23/2023 1:15,13.71863799,98.1845754,91.62009904,94.97036638,69.85872175,68.70900012
9/23/2023 1:30,14.74695985,96.48963264,80.98773139,95.08627586,61.28917398,62.12632312
9/23/2023 1:45,15.05669403,95.53625636,96.33443746,97.71719239,64.35720166,69.17988612
9/23/2023 2:00,12.9545264,96.13348048,90.78792006,99.25721738,67.31122878,67.06075221
9/23/2023 2:15,15.85656751,96.01429218,89.24792979,99.31433011,68.82932975,66.92366249
9/23/2023 2:30,14.83318735,96.57268109,95.89294625,92.10925074,62.80749633,67.93430423
9/23/2023 2:45,15.00039594,98.76175343,90.33921035,98.2399626,69.63207109,68.5272348
9/23/2023 3:00,14.00123839,95.55078418,99.25127657,91.47657446,60.40775275,65.56442668
9/23/2023 3:15,12.27570999,97.46722455,82.54056535,99.99559098,67.04693858,66.64181942
9/23/2023 3:30,13.31225617,98.88610823,92.76563059,90.20546715,60.5555012,62.61960003
9/23/2023 3:45,13.3960531,98.37442153,90.01592962,98.44137537,64.02347527,65.95446358
9/23/2023 4:00,13.41361152,99.43301477,98.61881429,91.09592394,63.4696455,69.31110095
9/23/2023 4:15,15.36438863,95.67415337,81.95078364,91.20947249,64.43393441,64.01100557
9/23/2023 4:30,13.2243529,96.83431375,99.02719558,95.29901862,62.9575679,64.72948536
9/23/2023 4:45,14.59173826,95.34570339,85.28627755,96.1715801,65.68078947,65.60092728
9/23/2023 5:00,12.94768611,96.0366224,86.22683628,90.94401777,66.51690405,69.69060814
9/23/2023 5:15,13.89155219,95.2348895,80.30415266,93.83569908,69.12314711,67.34956943
9/23/2023 5:30,12.57158921,99.03763248,89.98265468,96.40230861,67.2956988,64.36160057
9/23/2023 5:45,15.22210756,96.24156242,98.1641927,92.8819188,67.07279401,63.56296755
9/23/2023 6:00,19.40912513,95.64751033,98.76828644,98.59593984,63.57817516,69.3200265
9/23/2023 6:15,19.18343845,96.3038356,87.42991204,95.13117207,60.90452779,69.17319241
9/23/2023 6:30,18.13779549,98.70741003,90.50297442,93.98158607,60.52897371,68.14998396
9/23/2023 6:45,17.79633588,95.39149424,89.62390539,99.30194163,67.88285305,67.63795262
9/23/2023 7:00,18.19756041,99.53678986,82.2772465,96.97098291,64.56995989,66.67129432
9/23/2023 7:15,17.7724453,97.61391611,82.68012844,93.30879727,62.91319692,62.7836858
9/23/2023 7:30,17.00492405,98.45648947,95.65319031,94.98457943,66.97351466,68.24605124
9/23/2023 7:45,18.08544222,97.17968494,91.58557356,96.9118336,67.99353878,64.97490872
9/23/2023 8:00,16.4989379,98.4364933,107.1420186,101.4106864,71.91755354,76.4881547
9/23/2023 8:15,17.81468143,96.48189446,109.8296916,105.7626074,70.66844783,73.01204643
9/23/2023 8:30,17.21759508,99.85657356,96.17593996,102.5242574,71.2781881,74.30221578
9/23/2023 8:45,17.98367845,95.94614664,81.12238788,102.5854459,74.64929473,73.90171831
9/23/2023 9:00,17.76266135,95.69551723,103.6439598,107.0340767,70.19312698,78.35018834
9/23/2023 9:15,16.83360194,98.45588369,107.3088311,105.4611093,70.36314136,72.58988662
9/23/2023 9:30,17.75275322,95.6987863,106.9198229,105.1468585,74.74813012,72.89424706
9/23/2023 9:45,16.30878026,96.63933819,107.2696956,103.7392604,74.58029724,76.18129207
9/23/2023 10:00,17.84584869,97.7200098,101.4724837,102.3540065,73.04011292,75.52890009
9/23/2023 10:15,16.94086112,98.40976675,80.75885165,103.1021325,71.67858829,71.2055703
9/23/2023 10:30,17.05779709,95.07540597,90.26639198,107.0626488,72.30039076,77.6923435
9/23/2023 10:45,16.70920176,97.42798413,98.29684907,108.7422104,74.08858474,77.98146253
9/23/2023 11:00,17.15957615,99.8438411,108.9225165,109.8427935,74.96656117,76.06431362
9/23/2023 11:15,16.04866978,97.7714653,81.32743096,108.661272,70.3243666,79.70038389
9/23/2023 11:30,16.64790165,96.69015381,98.53321662,108.842915,70.0507621,71.56498332
9/23/2023 11:45,16.57711885,97.09780925,94.90837688,100.4362324,71.28358253,79.07146039
9/23/2023 12:00,14.83798985,99.10739415,92.37447281,117.3925906,77.05291762,86.55703602
9/23/2023 12:15,15.52276582,98.75769454,92.35461029,117.1399356,77.24720668,84.46467563
9/23/2023 12:30,15.70263018,99.19521968,92.55137453,112.3196246,79.08840611,84.36266739
9/23/2023 12:45,14.79064458,99.61515766,118.3398902,112.0517424,75.98715657,84.15638358
9/23/2023 13:00,14.41915754,99.60377247,81.01595169,113.3524515,76.4647834,88.02629297
9/23/2023 13:15,15.72096106,96.12486299,92.86334191,111.2303684,76.73456275,81.08211212
9/23/2023 13:30,14.09934872,96.59836507,102.9402004,118.5656222,78.54587742,85.13087877
9/23/2023 13:45,14.58509045,99.63997798,114.3998283,111.3521116,78.88658541,86.7183314
9/23/2023 14:00,15.80879552,95.70712737,83.73790986,104.9505131,72.98386395,79.25048873
9/23/2023 14:15,15.21150065,96.29258732,101.9579267,109.7955157,73.93038761,76.95615993
9/23/2023 14:30,15.69973045,99.71626344,128.9764834,107.8707218,74.78027291,76.53249904
9/23/2023 14:45,16.92020567,96.36007336,87.21708521,108.3131461,73.43903249,73.87999605
9/23/2023 15:00,16.91828679,98.49789472,129.4077432,101.1806647,70.35893873,77.30629868
9/23/2023 15:15,16.75955922,97.87996105,108.9221379,109.1108263,72.15432916,71.73295201
9/23/2023 15:30,17.34520356,98.84101856,97.36242391,107.9433194,70.12916109,78.47894405
9/23/2023 15:45,15.31801175,98.66591678,93.64108628,103.6794982,71.33040749,73.18529601
9/23/2023 16:00,14.08792432,96.04500273,98.56914403,107.7024654,70.18008005,77.33391655
9/23/2023 16:15,14.07358638,95.21503732,80.36545309,105.8329126,70.29399816,77.56586493
9/23/2023 16:30,14.24991501,97.08406343,95.44264552,105.9708072,74.1601877,78.80066671
9/23/2023 16:45,15.94692056,96.72420445,112.1357229,103.7699519,71.9783198,76.07900505
9/23/2023 17:00,16.22019015,98.33361106,86.17338967,104.560936,70.00801461,75.49792038
9/23/2023 17:15,17.87402149,98.00808678,82.24256447,102.5049351,73.0835599,77.25766047
9/23/2023 17:30,16.14092513,95.37949799,109.4744502,109.6801534,70.81216498,71.90926662
9/23/2023 17:45,17.27714236,97.85987628,120.7840517,101.9002178,72.36963282,76.23880142
9/23/2023 18:00,17.25442034,97.61772548,121.8333326,107.9180493,71.61055763,77.26914312
9/23/2023 18:15,14.8241634,95.87082507,93.3496674,104.5784461,74.79922527,79.58364001
9/23/2023 18:30,15.59661678,99.69438948,122.1117081,104.3058823,74.19541698,77.95966665
9/23/2023 18:45,16.72453213,96.34738347,100.0222199,106.0627481,70.54135139,78.94671138
9/23/2023 19:00,14.1920127,96.27523329,90.74634645,107.8459455,71.77670624,71.62878519
9/23/2023 19:15,17.064555,96.42200658,126.7093419,100.4184362,70.59963348,78.38101442
9/23/2023 19:30,14.22622941,99.88363919,126.1793854,102.2917275,72.41804477,73.70576904
9/23/2023 19:45,15.19978389,96.47106789,118.4285041,104.1940011,74.9091889,78.44304698
9/23/2023 20:00,12.2398495,98.88332895,92.99445013,95.47886006,61.37155276,65.74797816
9/23/2023 20:15,12.27767979,95.84079093,85.45970431,98.66219604,63.19981588,64.60869346
9/23/2023 20:30,15.57391108,99.37149707,84.89921091,90.63330277,65.48528532,64.31191087
9/23/2023 20:45,12.95836184,96.02553076,90.8102229,98.23171675,61.72358159,69.47643189
9/23/2023 21:00,12.84987924,98.99373398,97.50166872,91.11911805,62.41638274,66.99438049
9/23/2023 21:15,12.04307639,99.0923273,99.32748725,90.52118079,61.92236708,68.60523337
9/23/2023 21:30,13.34097949,97.99822597,85.10034781,99.9637126,68.92586575,63.34081
9/23/2023 21:45,14.70078113,96.05046606,93.35892411,92.7794832,61.621823,65.06846678
9/23/2023 22:00,13.31425143,98.73026965,86.89146587,97.16404295,65.56531686,64.16326181
9/23/2023 22:15,13.01655267,97.10612758,96.98824731,91.9701017,66.14880629,68.36812218
9/23/2023 22:30,12.88034708,97.04176188,83.87229416,98.32921276,61.50395208,62.46518498
9/23/2023 22:45,13.41217257,96.91909306,84.46811893,90.14147612,63.02099377,66.38167631
9/23/2023 23:00,13.12499815,98.23041576,82.48767963,93.32335193,66.91651121,64.66379481
9/23/2023 23:15,14.9228398,98.18642992,92.20377902,90.89104133,67.45929943,62.86963343
9/23/2023 23:30,13.26579545,97.92282946,89.70313015,99.90616441,61.39202089,61.38779823
9/23/2023 23:45,12.4394767,99.28518453,86.4427043,93.83487569,62.60456735,62.08498351
9/24/2023 0:00,14.28276152,97.87806869,85.38247272,97.25569248,67.20813492,65.60241372
9/24/2023 0:15,12.86404027,97.60308182,98.00907324,96.36244256,66.96673444,66.78916937
9/24/2023 0:30,12.16374146,97.04939424,93.52590498,91.25890884,68.12802007,67.14396056
9/24/2023 0:45,12.71884694,99.3710944,86.1414135,91.30297909,68.90015092,68.65216934
9/24/2023 1:00,12.97231214,95.45212329,96.77885567,97.55288328,69.43438721,67.67842739
9/24/2023 1:15,12.05182586,97.31364807,88.41956949,97.99856211,66.24253521,69.12330503
9/24/2023 1:30,15.6569826,99.44459239,97.878055,93.02896687,61.89814665,62.12683551
9/24/2023 1:45,13.39466321,98.8838805,85.89204792,90.74396796,69.5598833,61.53669322
9/24/2023 2:00,14.92722177,99.81559755,87.04857859,93.15794151,66.35070422,61.23741174
9/24/2023 2:15,14.80889289,99.4378204,98.37295914,91.16282395,62.64931041,66.58388522
9/24/2023 2:30,13.83872096,99.58366292,95.92115386,99.42813511,63.89633325,66.87468103
9/24/2023 2:45,13.11146879,96.92150224,95.32714449,99.61027287,62.35313245,68.59247803
9/24/2023 3:00,15.07421908,98.61559767,83.16202488,94.75975303,60.72206877,68.87461108
9/24/2023 3:15,14.47153055,97.78822232,97.87652589,94.82102079,63.94092176,61.45916444
9/24/2023 3:30,13.22247459,96.62134915,87.64734569,91.47621202,64.17886518,63.7560099
9/24/2023 3:45,12.84494367,98.20485497,89.87303825,93.2032442,65.46961511,64.84085992
9/24/2023 4:00,15.42447207,98.80046106,96.8305068,91.22199259,61.30947207,64.6062403
9/24/2023 4:15,13.99827316,96.13637572,91.09953081,98.32291639,63.49173507,69.07020879
9/24/2023 4:30,13.53353822,99.13257547,92.95062718,92.76084764,63.10477705,62.39891041
9/24/2023 4:45,13.59352638,99.32617026,81.54964202,92.55648263,69.85565788,61.68115305
9/24/2023 5:00,15.09346725,98.87030325,94.6304545,98.47665882,69.60952298,69.33261438
9/24/2023 5:15,15.02290183,95.47608212,82.4068829,90.56329913,68.24818009,64.12728995
9/24/2023 5:30,14.00672793,97.23759286,94.1587532,91.83276786,64.06943378,65.93881547
9/24/2023 5:45,15.6828587,96.02292921,96.14128239,91.08091142,63.08073652,66.59080852
9/24/2023 6:00,17.89887242,97.23518284,84.85365573,96.08064669,66.01213181,68.54292736
9/24/2023 6:15,19.27163602,97.25733044,81.0966089,90.26649247,60.62112113,64.62614568
9/24/2023 6:30,18.85099319,95.66643764,94.57942617,91.36867238,61.62582754,64.3505299
9/24/2023 6:45,18.27627618,97.73404331,92.70888431,97.60519608,60.2299954,65.79786826
9/24/2023 7:00,18.77736974,95.48259539,82.05579576,93.62006509,66.11118082,69.97940345
9/24/2023 7:15,16.34591759,97.19947095,93.96812001,95.59500082,69.61030797,65.37606867
9/24/2023 7:30,16.01720523,99.36390829,94.44263876,97.29199569,61.13527712,66.68355222
9/24/2023 7:45,17.9552913,98.87237855,81.60855042,96.63525179,63.21561647,61.80864143
9/24/2023 8:00,17.72222089,98.40444821,94.96651639,109.0285494,74.49037132,79.84377701
9/24/2023 8:15,17.68497046,99.78427499,81.4794003,105.2492512,73.66074985,79.41259804
9/24/2023 8:30,17.83084975,98.88982354,92.26623159,100.7958378,73.54537097,77.99627042
9/24/2023 8:45,17.42351211,97.19441385,95.67586651,108.8838645,73.05009094,75.76080158
9/24/2023 9:00,16.70190232,99.36777433,83.56395572,108.7323365,74.96536135,75.38526728
9/24/2023 9:15,16.81708462,96.61918692,98.88026148,108.0945287,72.55988599,73.62550414
9/24/2023 9:30,16.45489517,98.4285429,97.49310762,106.4016824,73.81166842,79.59181848
9/24/2023 9:45,16.65568963,96.32777076,82.41063341,107.0304381,71.70147224,76.37959488
9/24/2023 10:00,16.69000934,97.19287112,88.71029804,108.3959869,71.68391262,78.05263812
9/24/2023 10:15,16.76257503,98.7389668,85.22010608,105.7766453,72.80717365,79.54485132
9/24/2023 10:30,17.0303734,95.69960136,85.72139201,109.2556203,72.99952075,72.04071689
9/24/2023 10:45,16.54749479,99.26296797,109.7912932,106.5143674,74.76302643,73.39509056
9/24/2023 11:00,16.44380587,98.61758342,82.95247541,106.3808443,72.26320343,75.34529402
9/24/2023 11:15,16.96463079,96.33337729,97.00796083,101.0324747,71.37018466,74.74632113
9/24/2023 11:30,17.95721164,96.39585383,97.80703733,103.2768489,70.50602212,76.78154418
9/24/2023 11:45,17.9440839,96.55337057,99.49037635,103.7250039,74.40515671,75.16466208
9/24/2023 12:00,14.67783661,96.98593306,98.87694395,111.1488366,79.9759896,85.65283891
9/24/2023 12:15,14.33546189,96.7576235,102.4700653,119.1442798,79.34362919,87.01609936
9/24/2023 12:30,15.98708927,97.95593605,87.77642285,118.7335925,77.99073852,82.31619225
9/24/2023 12:45,14.83988596,98.58086581,105.5087884,114.5175613,76.3199449,86.61511523
9/24/2023 13:00,15.95721085,95.37568819,81.81869921,116.7250184,78.61675754,88.68305705
9/24/2023 13:15,15.04109641,99.50234327,98.38902792,118.3886145,77.04087126,83.65534851
9/24/2023 13:30,14.87171262,98.16527952,111.7226695,111.6634846,75.92827281,84.88513801
9/24/2023 13:45,15.68214701,98.05289629,94.46499538,113.8231629,76.72658891,87.96853268
9/24/2023 14:00,17.85765401,98.80343375,128.9850762,109.6716736,70.05174933,72.41712702
9/24/2023 14:15,14.49677707,96.63886121,99.92483521,106.1022046,71.44330814,73.84591121
9/24/2023 14:30,15.01078627,99.31103115,100.4808077,107.7851993,72.0444568,76.07215302
9/24/2023 14:45,15.84251487,99.02973908,91.54703643,109.3872395,71.99519776,78.73602744
9/24/2023 15:00,14.38097923,97.46628222,101.1793527,101.6806022,70.52625934,78.95862644
9/24/2023 15:15,16.31290255,98.38471999,99.65625633,106.9976133,73.50041484,74.66527552
9/24/2023 15:30,14.87513406,99.81621336,96.3947191,107.6759714,72.8062756,74.82579036
9/24/2023 15:45,14.98053836,96.18406208,118.0941143,102.9493092,73.68509423,71.18561465
9/24/2023 16:00,16.8634534,95.84974725,111.1985892,104.4044556,73.20567749,73.02587267
9/24/2023 16:15,17.08731749,99.93341697,111.6516151,109.3492785,70.76858352,76.85189259
9/24/2023 16:30,17.60309178,97.1583,120.8607783,108.4308428,70.59596762,75.60771086
9/24/2023 16:45,16.04473891,98.68401738,80.50857457,105.1446152,72.69042572,75.38844895
9/24/2023 17:00,15.08905959,97.48543664,106.5164616,108.9176471,70.08267429,76.92629177
9/24/2023 17:15,15.5331132,96.95751302,109.9803548,100.3507621,70.72266438,77.19671349
9/24/2023 17:30,16.55120588,98.37808734,119.9497422,102.8840114,70.78634832,77.57260819
9/24/2023 17:45,17.28180435,98.61801325,95.12581446,103.6916192,71.39706647,71.63023781
9/24/2023 18:00,17.89721515,97.03467949,98.48399051,104.4486788,73.14346482,71.13011376
9/24/2023 18:15,17.53986778,98.19856416,88.6983899,107.2417674,71.06883882,78.31877155
9/24/2023 18:30,14.52466874,96.80967825,99.61394045,106.368772,73.66587421,73.52172981
9/24/2023 18:45,16.8719304,99.17150078,90.79317918,109.9889358,73.61667234,79.54837425
9/24/2023 19:00,15.23764665,99.07148272,95.27647928,106.1210004,70.80903317,74.49737737
9/24/2023 19:15,16.79053891,97.40503991,97.37015523,109.2681275,70.78592647,74.26309372
9/24/2023 19:30,16.09064901,95.64897332,106.7301842,102.7003703,74.19482742,71.85262817
9/24/2023 19:45,14.82766715,97.20683517,108.2911831,101.1925688,73.42413027,79.06946048
9/24/2023 20:00,15.54996058,99.57508737,88.81355746,94.50360201,60.05756189,61.55283088
9/24/2023 20:15,12.73606056,95.85002549,98.53083295,94.38707241,67.44860716,65.18934366
9/24/2023 20:30,12.20113575,99.91610149,85.37034773,98.43371796,62.24907303,61.33844073
9/24/2023 20:45,12.2531992,98.50749736,86.43030052,91.60433034,64.70984282,69.30231074
9/24/2023 21:00,12.58072987,99.36750954,81.93650991,96.41586879,68.7722121,69.91430872
9/24/2023 21:15,12.26838446,95.80709217,89.12025376,95.28464551,63.39268608,66.56303663
9/24/2023 21:30,14.04776364,97.64973727,90.12476342,91.48475926,69.88281308,64.93593943
9/24/2023 21:45,15.64306411,96.72725654,96.38088073,91.19548828,61.43206856,65.59837522
9/24/2023 22:00,13.12461793,97.54724372,90.6571921,93.41525715,66.30308483,61.64972009
9/24/2023 22:15,14.46666217,97.68955433,96.64523873,97.05851705,65.00959662,67.05015308
9/24/2023 22:30,14.09962842,98.55615892,86.91533956,98.7720239,60.37198206,66.92391349
9/24/2023 22:45,12.0175717,96.04712744,84.55246698,94.79127896,64.58018275,63.97737892
9/24/2023 23:00,12.31462104,97.60825809,92.330798,97.14980232,68.9914161,69.77680204
9/24/2023 23:15,15.02658507,97.24980084,81.24411541,93.57860397,69.88935782,63.10890345
9/24/2023 23:30,15.3339112,97.83495604,83.04503293,96.592765,65.15507792,69.06135092
9/24/2023 23:45,12.64494658,99.03496063,81.76348838,98.22810046,63.74307993,68.40721332
